SCIENTIFIC NAME	PHISICAL SPECIMEN ID	ORGANIZATION	SPECIMENT TYPE	MODIFIED	LICENSE	LOCATION QUALITATIVE [QUANTITATIVE]	GEOLOGICAL AGE	COLLECTING NUMBER	COLLECTING AGENT	DATE COLLECTED	TYPE STATUS (Optional)	MEDIA
Cochlostoma septemspirale Klemm	49955	NHM Wien	PRESERVED SPECIMEN	10/18/2022		Schweiz, Kanton Vaud, Straße Chamby-souzier, oberhalb Vevey am Genfer See		49955	Thaler	25.3.1962		
Cochlostoma septemspirale Klemm	49959	NHM Wien	PRESERVED SPECIMEN	10/18/2022		Schweiz, Kanton Vaud, Montreux - Les Planches		49959	Thaler	9.9.1961		
Cochlostoma septemspirale Klemm	64078	NHM Wien	PRESERVED SPECIMEN	10/18/2022		Schweiz, Schweizer Jura, Delement		64078	Seidl	22.5.1971		
Cochlostoma septemspirale Klemm	49985	NHM Wien	PRESERVED SPECIMEN	10/18/2022		Schweiz, Kanton Vaud, Gorges du Chauderon bei Montreux		49985	Thaler	5.1962		
Cochlostoma septemspirale Klemm	49967	NHM Wien	PRESERVED SPECIMEN	10/18/2022		Schweiz, Kanton Vaud, Weg von Veytaux nach Chillon, bei Montreux		49967	Thaler	4/5.1962		
Cochlostoma septemspirale Klemm	49982	NHM Wien	PRESERVED SPECIMEN	10/18/2022		Frankreich, Dep. Doubs, Soucre du Lizon bei Nans-sous-Sainte-Anne		49982	Thaler	19.5.1962		
Cochlostoma septemspirale Klemm	45686	NHM Wien	PRESERVED SPECIMEN	10/18/2022		Frankreich, Dep. Gard, Pont du Gard		45686		17.3.1961		
Cochlostoma septemspirale Klemm	69393	NHM Wien	PRESERVED SPECIMEN	10/18/2022		Frankreich, Lyon		69393				
Cochlostoma septemspirale Klemm	7767	NHM Wien	PRESERVED SPECIMEN	10/18/2022		Frankreich, Arcy-sur-Cure, nördl. Avallon		7767	Klemm	3.1941		
Cochlostoma septemspirale Klemm	7601	NHM Wien	PRESERVED SPECIMEN	10/18/2022		Frankreich, Dep. Vasqes, Neufchateau nw von Nancy		7601	Klemm	2.1941		
Cochlostoma septemspirale Klemm	45704	NHM Wien	PRESERVED SPECIMEN	10/18/2022		Frankreich, Dep. Gard, Macchia an der Straße zum Pont du Gard		45704		17.3.1961		
Cochlostoma septemspirale Klemm	29059	NHM Wien	PRESERVED SPECIMEN	10/18/2022		Schweiz, Montreux - Glion		29059	Blume			
Cochlostoma septemspirale Klemm	47212	NHM Wien	PRESERVED SPECIMEN	10/18/2022		Deutschland, Niederbayern, Kelheim		47212	Klemm	8.4.1962		
Cochlostoma septemspirale Klemm	29818	NHM Wien	PRESERVED SPECIMEN	10/18/2022		Deutschland, Bayern, Schellenberg		29818	Barthelmes	2.7.1951		
Cochlostoma septemspirale Klemm	58529	NHM Wien	PRESERVED SPECIMEN	10/18/2022		Deutschland, Niederbayern, Kelheim		58529	Paget	8.4.1962		
Cochlostoma septemspirale Klemm	15187	NHM Wien	PRESERVED SPECIMEN	10/18/2022		Österreich, Tirol, Kitzbühel		15187				
Cochlostoma septemspirale Klemm	33376	NHM Wien	PRESERVED SPECIMEN	10/18/2022		Deutschland, Bayern, Schellenberg bei Berchtesgaden		33376	Häßlein	21.7.1927		
Cochlostoma septemspirale Klemm	48274	NHM Wien	PRESERVED SPECIMEN	10/18/2022		Deutschland, Niederbayern, Kelheim, unterhalb der Befreiungshalle		48274	Fauer	22.5.1960		
Cochlostoma septemspirale Klemm	56021	NHM Wien	PRESERVED SPECIMEN	10/18/2022		Österreich, Tirol, Stubaital, Neustift		56021				
Cochlostoma septemspirale Klemm	47198	NHM Wien	PRESERVED SPECIMEN	10/18/2022		Deutschland, Niederbayern, Neuessing bei Kelheim		47198	Klemm	8.4.1962		
Cochlostoma septemspirale Klemm	47200	NHM Wien	PRESERVED SPECIMEN	10/18/2022		Deutschland, Niederbayern, zwischen Neuessing und Kelheim		47200	Fauer	8.4.1962		
Cochlostoma septemspirale Klemm	44079	NHM Wien	PRESERVED SPECIMEN	10/18/2022		Deutschland, Niederbayern, Kelheim, Weltenburg an der Donau		44079	Fauer	24.5.1960		
Cochlostoma septemspirale Klemm	51141	NHM Wien	PRESERVED SPECIMEN	10/18/2022		Deutschland, Niederbayern, Kelheim, Befreiungshalle		51141	Fauer	3.6,1964		
Cochlostoma septemspirale Klemm	32720	NHM Wien	PRESERVED SPECIMEN	10/18/2022		Deutschland, Bayern, Füssener Alpe		32720				
Cochlostoma septemspirale Klemm	48855	NHM Wien	PRESERVED SPECIMEN	10/18/2022		Deutschland, Elsass, Mühlhausen		48855				
Cochlostoma septemspirale Klemm	44071	NHM Wien	PRESERVED SPECIMEN	10/18/2022		Deutschland, Niederbayern, Kelheim, Jugendherberge		44071	Fauer	23.5.1960		
Cochlostoma septemspirale Klemm	57796	NHM Wien	PRESERVED SPECIMEN	10/18/2022		Österreich, Salzburg, Scharfling		57796	Strouhal	11.7.1961		
Cochlostoma septemspirale Klemm	60209	NHM Wien	PRESERVED SPECIMEN	10/18/2022		Österreich, Salzburg, Festungsberg		60209	Sperling	9.1969		
Cochlostoma septemspirale Klemm	24557	NHM Wien	PRESERVED SPECIMEN	10/18/2022		Österreich, Salzburg, Festungsberg		24557	Klemm	6.7.1946		
Cochlostoma septemspirale Klemm	23576	NHM Wien	PRESERVED SPECIMEN	10/18/2022		Österreich, Salzburg, Geisberg		23576	Klemm	13.1.1946		
Cochlostoma septemspirale Klemm	57909	NHM Wien	PRESERVED SPECIMEN	10/18/2022		Österreich, Salzburg, Klkausbachgraben bei Glasenbach		57909	Strouhal	17.7.1963		
Cochlostoma septemspirale Klemm	23488	NHM Wien	PRESERVED SPECIMEN	10/18/2022		Österreich, Salzburg, Kuhberg		23488	Klemm	20.12.1945		
Cochlostoma septemspirale Klemm	34602	NHM Wien	PRESERVED SPECIMEN	10/18/2022		Österreich, Salzburg, Glasenbachklamm		34602	Klemm	29.7.1946		
Cochlostoma septemspirale Klemm	48803	NHM Wien	PRESERVED SPECIMEN	10/18/2022		Österreich, Salzburg, Kühberg		48803	Mahler	21.7.1939		
Cochlostoma septemspirale Klemm	5574	NHM Wien	PRESERVED SPECIMEN	10/18/2022		Österreich, Salzburg, Gersberg		5574	Mell	9.1936		
Cochlostoma septemspirale Klemm	25882	NHM Wien	PRESERVED SPECIMEN	10/18/2022		Österreich, Salzburg, Spumberg bei Adnet		25882	Klemm	21.7.1941		
Cochlostoma septemspirale Klemm	48801	NHM Wien	PRESERVED SPECIMEN	10/18/2022		Österreich, Salzburg, Aigen		48801	Mahler	23.7.1939		
Cochlostoma septemspirale Klemm	50855	NHM Wien	PRESERVED SPECIMEN	10/18/2022		Österreich, Salzburg, Unkelbachgraben, Weissenbachtal bei Strobl		50855	Klemm	3.9.1964		
Cochlostoma septemspirale Klemm	23284	NHM Wien	PRESERVED SPECIMEN	10/18/2022		Österreich, Salzburg, Kapuzinerberg Süd		23284	Klemm	29.10.1945		
Cochlostoma septemspirale Klemm	25286	NHM Wien	PRESERVED SPECIMEN	10/18/2022		Österreich, Salzburg, Adnet		25286	Klemm	22.11.1946		
Cochlostoma septemspirale Klemm	57862	NHM Wien	PRESERVED SPECIMEN	10/18/2022		Österreich, Salzburg, Wiestal bei Hallein		57862	Strouhal	29.6.1963		
Cochlostoma septemspirale Klemm	50840	NHM Wien	PRESERVED SPECIMEN	10/18/2022		Österreich, Salzburg, Weissenbachtal bei Strobl		50840	Klemm	3.9.1964		
Cochlostoma septemspirale Klemm	23312	NHM Wien	PRESERVED SPECIMEN	10/18/2022		Österreich, Salzburg, Kapuzinerberg Nord		23312	Klemm	3.11.1945		
Cochlostoma septemspirale Klemm	60222	NHM Wien	PRESERVED SPECIMEN	10/18/2022		Österreich, Salzburg, Strobl		60222	Klemm	3.1953		
Cochlostoma septemspirale Klemm	50860	NHM Wien	PRESERVED SPECIMEN	10/18/2022		Österreich, Salzburg, Weissenbachtal bei Strobl, 1. Straßenfelsen		50860	Klemm	3.9.1964		
Cochlostoma septemspirale Klemm	48807	NHM Wien	PRESERVED SPECIMEN	10/18/2022		Österreich, Salzburg, Monikapforte		48807	Mahler	8.1940		
Cochlostoma septemspirale Klemm	48797	NHM Wien	PRESERVED SPECIMEN	10/18/2022		Österreich, Salzburg, Parsch		48797	Mahler	17.7.1938		
Cochlostoma septemspirale Klemm	69068	NHM Wien	PRESERVED SPECIMEN	10/18/2022		Österreich, Salzburg, Gartenau		69068	Klemm	17.8.1975		
Cochlostoma septemspirale Klemm	27278	NHM Wien	PRESERVED SPECIMEN	10/18/2022		Österreich, Salzburg, Eugendorf Bahnhof		27278	Klemm	29.6.1948		
Cochlostoma septemspirale Klemm	29713	NHM Wien	PRESERVED SPECIMEN	10/18/2022		Österreich, Salzburg, Trockene Klammen bei Elsbethen		29713	Klemm	7.10.1951		
Cochlostoma septemspirale Klemm	25874	NHM Wien	PRESERVED SPECIMEN	10/18/2022		Österreich, Salzburg, um das Gadorten-Moos bei Adnet		25874	Klemm	4.7.1947		
Cochlostoma septemspirale Klemm	42439	NHM Wien	PRESERVED SPECIMEN	10/18/2022		Österreich, Salzburg		42439	Klemm	1935		
Cochlostoma septemspirale Klemm	27307	NHM Wien	PRESERVED SPECIMEN	10/18/2022		Österreich, Salzburg, Marmorbrücke über Adnet		27307	Klemm	17.7.1948		
Cochlostoma septemspirale Klemm	27297	NHM Wien	PRESERVED SPECIMEN	10/18/2022		Österreich, Salzburg, Tunnel auf der Straße nach Adnet		27297	Klemm	17.7.1948		
Cochlostoma septemspirale Klemm	26920	NHM Wien	PRESERVED SPECIMEN	10/18/2022		Österreich, Salzburg, Fischachgenist bei Hallwang		26920	Klemm	26.6.1948		
Cochlostoma septemspirale Klemm	23017	NHM Wien	PRESERVED SPECIMEN	10/18/2022		Österreich, Salzburg, Mönchsbergplateau		23017	Klemm	30.8.1945		
Cochlostoma septemspirale Klemm	24978	NHM Wien	PRESERVED SPECIMEN	10/18/2022		Österreich, Salzburg, Pass Lueg		24978	Mahler	5.10.1946		
Cochlostoma septemspirale Klemm	25227	NHM Wien	PRESERVED SPECIMEN	10/18/2022		Österreich, Salzburg, Glasenbachklamm, 2. südlicher Quergraben		25227	Klemm	21.10.1946		
Cochlostoma septemspirale Klemm	25774	NHM Wien	PRESERVED SPECIMEN	10/18/2022		Österreich, Salzburg, Nonnberg		25774	Klemm	10.1945		
Cochlostoma septemspirale Klemm	23239	NHM Wien	PRESERVED SPECIMEN	10/18/2022		Österreich, Salzburg, Krottensee-Genist bei St. Gilgen		23239	Klemm	22.10.1945		
Cochlostoma septemspirale Klemm	23431	NHM Wien	PRESERVED SPECIMEN	10/18/2022		Österreich, Salzburg, Mönchsberg Süd		23431	Klemm	6.11.1945		
Cochlostoma septemspirale Klemm	50862	NHM Wien	PRESERVED SPECIMEN	10/18/2022		Österreich, Salzburg, Unkelbahgraben, Nock Südhang, Weissenbachtal		50862	Klemm	3.9.1964		
Cochlostoma septemspirale Klemm	48794	NHM Wien	PRESERVED SPECIMEN	10/18/2022		Österreich, Salzburg, Glasenbachklamm		48794	Mahler	2.8.1929		
Cochlostoma septemspirale Klemm	26619	NHM Wien	PRESERVED SPECIMEN	10/18/2022		Österreich, Salzburg, Fischachgenist bei Eugendorf		26619	Klemm	18.8.1948		
Cochlostoma septemspirale Klemm	24171	NHM Wien	PRESERVED SPECIMEN	10/18/2022		Österreich, Salzburg, Eugendorf oberhalb der Westbahn-Station		24171	Klemm	15.5.1946		
Cochlostoma septemspirale Klemm	29573	NHM Wien	PRESERVED SPECIMEN	10/18/2022		Österreich, Salzburg, Falkensteinwand am Wolfgangsee		29573	Klemm	11.6.1951		
Cochlostoma septemspirale Klemm	23626	NHM Wien	PRESERVED SPECIMEN	10/24/2022		Österreich, Salzburg, Golling, Kirchhügel		23626	Klemm	11.3.1946		
Cochlostoma septemspirale Klemm	23219	NHM Wien	PRESERVED SPECIMEN	10/24/2022		Österreich, Salzburg, Scharfling, Felsen beim Bahnhof		23219	Klemm	22.10.1945		
Cochlostoma septemspirale Klemm	17289	NHM Wien	PRESERVED SPECIMEN	10/24/2022		Österreich, Salzburg, Hallein, Burgfried		17289	Klemm	17.17.1948		
Cochlostoma septemspirale Klemm	23903	NHM Wien	PRESERVED SPECIMEN	10/24/2022		Österreich, Salzburg, Henndorf		23903	Klemm	20.4.1946		
Cochlostoma septemspirale Klemm	26157	NHM Wien	PRESERVED SPECIMEN	10/24/2022		Österreich, Salzburg, Kapuzinerberg Süd oberhalb der Arenbergstraße		26157	Klemm	20.9.1947		
Cochlostoma septemspirale Klemm	23741	NHM Wien	PRESERVED SPECIMEN	10/24/2022		Österreich, Salzburg, Hallein, Bruderloch		23741	Klemm	31.3.1946		
Cochlostoma septemspirale Klemm	26956	NHM Wien	PRESERVED SPECIMEN	10/24/2022		Österreich, Salzburg, Seekirchen, Straße nach Eugendorf		26956	Klemm	5.6.1948		
Cochlostoma septemspirale Klemm	1123	NHM Wien	PRESERVED SPECIMEN	10/24/2022		Österreich, Salzburg, Schober bei Fuschl		1123	Klemm	8.1929		
Cochlostoma septemspirale Klemm	69164	NHM Wien	PRESERVED SPECIMEN	10/24/2022		Österreich, Salzburg, Wilhelmswand bei Golling		69164	Sperling	10.1975		
Cochlostoma septemspirale Klemm	29041	NHM Wien	PRESERVED SPECIMEN	10/24/2022		Österreich, Salzburg, Strobl, am Fuß des Brustwandkogels		29041	Klemm	8.9.1950		
Cochlostoma septemspirale Klemm	57906	NHM Wien	PRESERVED SPECIMEN	10/24/2022		Österreich, Salzburg, Hinterwinkl bei Ebenau		57906	Strouhal	17.71963		
Cochlostoma septemspirale Klemm	25082	NHM Wien	PRESERVED SPECIMEN	10/24/2022		Österreich, Salzburg, Golling, Salzachgenist		25082	Mahler	13.10.1946		
Cochlostoma septemspirale Klemm	23688	NHM Wien	PRESERVED SPECIMEN	10/24/2022		Österreich, Salzburg, Wallersee Südufer, Genist		23688	Klemm	23.3.1946		
Cochlostoma septemspirale Klemm	23349	NHM Wien	PRESERVED SPECIMEN	10/24/2022		Österreich, Salzburg, Maria Plain bei Salzburg, Nordhang		23349	Klemm	5.11.1945		
Cochlostoma septemspirale Klemm	52246	NHM Wien	PRESERVED SPECIMEN	10/24/2022		Österreich, Salzburg, Pass Lueg		52246	Seidl	17.6.1965		
Cochlostoma septemspirale Klemm	1122	NHM Wien	PRESERVED SPECIMEN	10/24/2022		Österreich, Salzburg, Fuschl, am Fuschlsee		1122	Klemm	8.1929		
Cochlostoma septemspirale Klemm	53402	NHM Wien	PRESERVED SPECIMEN	10/24/2022		Österreich, Salzburg, am Alterbach bei Guggenthal		53402	Klemm	2.9.1966		
Cochlostoma septemspirale Klemm	24549	NHM Wien	PRESERVED SPECIMEN	10/24/2022		Österreich, Salzburg, Mönchsberg, Plateau		24549	Klemm	6.7.1946		
Cochlostoma septemspirale Klemm	61789	NHM Wien	PRESERVED SPECIMEN	10/24/2022		Österreich, Salzburg, Weißenbachtal bei Strobl		61789	Klemm	15.6.1970		
Cochlostoma septemspirale Klemm	24367	NHM Wien	PRESERVED SPECIMEN	10/24/2022		Österreich, Salzburg, Nockstein-Gipfel		24367	Klemm	8.6.1946		
Cochlostoma septemspirale Klemm	27284	NHM Wien	PRESERVED SPECIMEN	10/24/2022		Österreich, Salzburg, Heuberg bei Adnet		27284	Klemm	17.7.1948		
Cochlostoma septemspirale Klemm	25891	NHM Wien	PRESERVED SPECIMEN	10/24/2022		Österreich, Salzburg, Spumbachgraben bei Adnet		25891	Klemm	21.7.1947		
Cochlostoma septemspirale Klemm	24732	NHM Wien	PRESERVED SPECIMEN	10/24/2022		Österreich, Salzburg, Eugendorf, Tümpelhang		24732	Klemm	19.9.1946		
Cochlostoma septemspirale Klemm	23841	NHM Wien	PRESERVED SPECIMEN	10/24/2022		Österreich, Salzburg, Eugendorf, Fischachgenist		23841	Klemm	8.4.1946		
Cochlostoma septemspirale Klemm	15186	NHM Wien	PRESERVED SPECIMEN	10/24/2022		Österreich, Salzburg, St. Gilgen, Weisswand		15186	Fuchs	15.8.1936		
Cochlostoma septemspirale Klemm	25869	NHM Wien	PRESERVED SPECIMEN	10/24/2022		Österreich, Salzburg, SO von Waidach bei Adnet		25869	Klemm	21.7.1947		
Cochlostoma septemspirale Klemm	25028	NHM Wien	PRESERVED SPECIMEN	10/24/2022		Österreich, Salzburg, Imberg		25028	Mahler	10.10.1946		
Cochlostoma septemspirale Klemm	30842	NHM Wien	PRESERVED SPECIMEN	10/24/2022		Österreich, Salzburg, Heuberg		30842	Klemm	30.5.1952		
Cochlostoma septemspirale Klemm	39414	NHM Wien	PRESERVED SPECIMEN	10/24/2022		Österreich, Salzburg, Wallerseeufer		39414	Klemm			
Cochlostoma septemspirale Klemm	23537	NHM Wien	PRESERVED SPECIMEN	10/24/2022		Österreich, Salzburg, Nockstein Nord, Fels		23537	Klemm	13.1.1946		
Cochlostoma septemspirale Klemm	29557	NHM Wien	PRESERVED SPECIMEN	10/24/2022		Österreich, Salzburg, Krottensee, Genist		29557	Klemm	5.6.1951		
Cochlostoma septemspirale Klemm	24136	NHM Wien	PRESERVED SPECIMEN	10/24/2022		Österreich, Salzburg, Salzachöfen		24136	Klemm	13.5.1946		
Cochlostoma septemspirale Klemm	23033	NHM Wien	PRESERVED SPECIMEN	10/24/2022		Österreich, Salzburg, Hallein, Dürnberggraben		23033	Klemm	7.9.1945		
Cochlostoma septemspirale Klemm	1118	NHM Wien	PRESERVED SPECIMEN	10/24/2022		Österreich, Salzburg, Elmauerstein bei Fuschl		1118	Klemm	8.1929		
Cochlostoma septemspirale Klemm	68091	NHM Wien	PRESERVED SPECIMEN	10/24/2022		Österreich, Salzburg, Strobl, Strandpromenade		68091	Sperling	21.4.1974		
Cochlostoma septemspirale Klemm	27270	NHM Wien	PRESERVED SPECIMEN	10/24/2022		Österreich, Salzburg, Bürglstein am Abersee		27270	Klemm	8.5.1948		
Cochlostoma septemspirale Klemm	28469	NHM Wien	PRESERVED SPECIMEN	10/24/2022		Österreich, Oberösterreich, St. Gilgen, Saurüssel, Seewand		28469	Klemm	5.10.1949		
Cochlostoma septemspirale Klemm	15191	NHM Wien	PRESERVED SPECIMEN	10/24/2022		Österreich, Oberösterreich, Ebensee, bei der Seilbahn		15191				
Cochlostoma septemspirale Klemm	25817	NHM Wien	PRESERVED SPECIMEN	10/24/2022		Österreich, Oberösterreich, Scharfling, Pass St. Gilgen		25817	Klemm	23.6.1947		
Cochlostoma septemspirale Klemm	25935	NHM Wien	PRESERVED SPECIMEN	10/24/2022		Österreich, Oberösterreich, St. Gilgen, Weisswand		25935	Klemm	28.1.1947		
Cochlostoma septemspirale Klemm	54884	NHM Wien	PRESERVED SPECIMEN	10/24/2022		Österreich, Oberösterreich, Schwarzenbach bei Strobl		54884	Klemm	12.7.1967		
Cochlostoma septemspirale Klemm	50751	NHM Wien	PRESERVED SPECIMEN	10/24/2022		Österreich, Oberösterreich, Waldbachstrub bei Hallstatt, Felsen beim Schleierfall		50751	Klemm	12.8.1964		
Cochlostoma septemspirale Klemm	49433	NHM Wien	PRESERVED SPECIMEN	10/24/2022		Österreich, Oberösterreich, Waldbachstrub bei Hallstatt		49433	Klemm	10.9.1963		
Cochlostoma septemspirale Klemm	49477	NHM Wien	PRESERVED SPECIMEN	10/24/2022		Österreich, Oberösterreich, Bad Ischl, Jainzenberg, Gipfel-Südhang		49477	Klemm	22.9.1963		
Cochlostoma septemspirale Klemm	56472	NHM Wien	PRESERVED SPECIMEN	10/24/2022		Österreich, Oberösterreich, Bad Ischl, Kaltenbach, alter Damm der Lokalbahn		56472	Klemm	30.8.1968		
Cochlostoma septemspirale Klemm	54898	NHM Wien	PRESERVED SPECIMEN	10/24/2022		Österreich, Oberösterreich, Burgauklamm am Attersee		54898	Klemm	12.7.1967		
Cochlostoma septemspirale Klemm	47826	NHM Wien	PRESERVED SPECIMEN	10/24/2022		Österreich, Oberösterreich, Bad Ischl, Schneeröselkogel Südabfall		47826	Klemm	7.8.1962		
Cochlostoma septemspirale Klemm	52047	NHM Wien	PRESERVED SPECIMEN	10/24/2022		Österreich, Oberösterreich, Bad Ischl, Rettenbachufer		52047	Klemm	9.6.1965		
Cochlostoma septemspirale Klemm	47464	NHM Wien	PRESERVED SPECIMEN	10/24/2022		Österreich, Oberösterreich, Bad Ischl, Gawanzerstein beim Nussensee		47464	Klemm	12.7.1962		
Cochlostoma septemspirale Klemm	47582	NHM Wien	PRESERVED SPECIMEN	10/24/2022		Österreich, Oberösterreich, Felsen am Westufer d. Hallstättersees, südl. Steg		47582	Klemm	20.7.1962		
Cochlostoma septemspirale Klemm	48878	NHM Wien	PRESERVED SPECIMEN	10/24/2022		Österreich, Oberösterreich, Mühlbach bei Steyr, Eingang Zellbauer-Höhle		48878	Ganslm.	6.4.1935		
Cochlostoma septemspirale Klemm	55026	NHM Wien	PRESERVED SPECIMEN	10/24/2022		Österreich, Oberösterreich, Jainzental, Felsen östl. vom Wasserfall		55026	Klemm	7.6.1967		
Cochlostoma septemspirale Klemm	47611	NHM Wien	PRESERVED SPECIMEN	10/24/2022		Österreich, Oberösterreich, Höllengebirge, Heumahdgupf		47611	Klemm	21.7.1962		
Cochlostoma septemspirale Klemm	47694	NHM Wien	PRESERVED SPECIMEN	10/24/2022		Österreich, Oberösterreich, Bad Ischl, Südhang unt. Rettenbachtal, Singereben		47694	Klemm	2.8.1962		
Cochlostoma septemspirale Klemm	57603	NHM Wien	PRESERVED SPECIMEN	10/24/2022		Österreich, Oberösterreich, Rettenbachtal bei Bad Ischl		57603	Strouhal	1.8.1955		
Cochlostoma septemspirale Klemm	54826	NHM Wien	PRESERVED SPECIMEN	10/24/2022		Österreich, Oberösterreich, Soleweg ober Hallstatt		54826	Klemm	7/7/1967		
Cochlostoma septemspirale Klemm	65540	NHM Wien	PRESERVED SPECIMEN	10/24/2022		Österreich, Oberösterreich, Hallstatt, Gangsteig, Klamm		65540		3.8.1973		
Cochlostoma septemspirale Klemm	49254	NHM Wien	PRESERVED SPECIMEN	10/24/2022		Österreich, Oberösterreich, Soleweg Gosaumühle - Steeg		49254	Klemm	4.7.1963		
Cochlostoma septemspirale Klemm	47758	NHM Wien	PRESERVED SPECIMEN	10/24/2022		Österreich, Oberösterreich, Rauer Koppen, unt. Felswände bei Koppenwinkel		47758	Klemm	10.8.1962		
Cochlostoma septemspirale Klemm	49548	NHM Wien	PRESERVED SPECIMEN	10/24/2022		Österreich, Oberösterreich, Bad Ischl, Kroissenbachwald		49548	Klemm	12.7.1963		
Cochlostoma septemspirale Klemm	48847	NHM Wien	PRESERVED SPECIMEN	10/24/2022		Österreich, Oberösterreich, Reichraming		48847	Ganslm.	18.5.1935		
Cochlostoma septemspirale Klemm	47807	NHM Wien	PRESERVED SPECIMEN	10/24/2022		Österreich, Oberösterreich, Bad Ischl, Kalvarienberg Nord		47807	Klemm	18.3.1962		
Cochlostoma septemspirale Klemm	52180	NHM Wien	PRESERVED SPECIMEN	10/24/2022		Österreich, Oberösterreich, Hallstatt Nordende		52180	Klemm	16.9.1965		
Cochlostoma septemspirale Klemm	49449	NHM Wien	PRESERVED SPECIMEN	10/24/2022		Österreich, Oberösterreich, Hallstatt, Schleierfall		49449	Klemm	10.9.1963		
Cochlostoma septemspirale Klemm	49330	NHM Wien	PRESERVED SPECIMEN	10/24/2022		Österreich, Oberösterreich, Sarstein Westwand		49330	Klemm	2.8.1963		
Cochlostoma septemspirale Klemm	26240	NHM Wien	PRESERVED SPECIMEN	10/24/2022		Österreich, Oberösterreich, Pürglstein bei Strobl am Abersee, Seefelsen		26240	Klemm	28.10.1947		
Cochlostoma septemspirale Klemm	47965	NHM Wien	PRESERVED SPECIMEN	10/24/2022		Österreich, Oberösterreich, Ruine Wildenstein bei Bad Ischl		47965	Klemm	6.7.1962		
Cochlostoma septemspirale Klemm	27617	NHM Wien	PRESERVED SPECIMEN	10/24/2022		Österreich, Oberösterreich, Obertraun		27617	Klemm	4.8.1948		
Cochlostoma septemspirale Klemm	64678	NHM Wien	PRESERVED SPECIMEN	10/24/2022		Österreich, Oberösterreich, Soleweg Bad Ischl - Lauffen		64678	Klemm	6.9.1972		
Cochlostoma septemspirale Klemm	26211	NHM Wien	PRESERVED SPECIMEN	10/25/2022		Österreich, Oberösterreich, Pürglstein bei Strobl am Abersee, Waldfelsen		26211	Klemm	28.10.1947		
Cochlostoma septemspirale Klemm	64915	NHM Wien	PRESERVED SPECIMEN	10/25/2022		Österreich, Oberösterreich, Steyr		64915				
Cochlostoma septemspirale Klemm	47796	NHM Wien	PRESERVED SPECIMEN	10/25/2022		Österreich, Oberösterreich, Bad Ischl, oberhalb Salzburgerstraße bei Jainzenbrücke		47796	Klemm	17.8.1962		
Cochlostoma septemspirale Klemm	47378	NHM Wien	PRESERVED SPECIMEN	10/25/2022		Österreich, Oberösterreich, Bad Ischl, Jainzenberg		47378	Klemm	3.7.1962		
Cochlostoma septemspirale Klemm	47709	NHM Wien	PRESERVED SPECIMEN	10/25/2022		Österreich, Oberösterreich, Bad Ischl, Felshang nördl. Jainzen		47709	Klemm	9.8.1962		
Cochlostoma septemspirale Klemm	27634	NHM Wien	PRESERVED SPECIMEN	10/25/2022		Österreich, Oberösterreich, Bad Ischl		27634	Klemm	4.8.1948		
Cochlostoma septemspirale Klemm	65529	NHM Wien	PRESERVED SPECIMEN	10/25/2022		Österreich, Oberösterreich, Hallstatt, Waldbachstrub		65529	Klemm	3.8.1973		
Cochlostoma septemspirale Klemm	49287	NHM Wien	PRESERVED SPECIMEN	10/25/2022		Österreich, Oberösterreich, Bad Ischl, Rettenbachtal bei Straßentunnel		49287	Klemm	18.7.1963		
Cochlostoma septemspirale Klemm	56279	NHM Wien	PRESERVED SPECIMEN	10/25/2022		Österreich, Oberösterreich, Traunau östl. Bad Ischl		56279	Klemm	6.6.1968		
Cochlostoma septemspirale Klemm	48818	NHM Wien	PRESERVED SPECIMEN	10/25/2022		Österreich, Oberösterreich, Steyr, Sandbruch		48818	Ganslm.	5.10.1920		
Cochlostoma septemspirale Klemm	47445	NHM Wien	PRESERVED SPECIMEN	10/25/2022		Österreich, Oberösterreich, Bad Ischl, Straße von Aigen zum Nussensee		47445	Klemm	12.7.1962		
Cochlostoma septemspirale Klemm	56310	NHM Wien	PRESERVED SPECIMEN	10/25/2022		Österreich, Oberösterreich, Straßenfelsen zwischen Hallstatt und Gosaumühle		56310	Klemm	30.6.1968		
Cochlostoma septemspirale Klemm	38034	NHM Wien	PRESERVED SPECIMEN	10/25/2022		Österreich, Oberösterreich, Traunsee, Rindbachtal		38034	Strouhal			
Cochlostoma septemspirale Klemm	49560	NHM Wien	PRESERVED SPECIMEN	10/25/2022		Österreich, Oberösterreich, Bad Ischl, Rettenbachleiten		49560	Klemm	12.7.1963		
Cochlostoma septemspirale Klemm	47681	NHM Wien	PRESERVED SPECIMEN	10/25/2022		Österreich, Oberösterreich, Soleweg Gosaumühle - Steeg		47681	Klemm	28.7.1962		
Cochlostoma septemspirale Klemm	47784	NHM Wien	PRESERVED SPECIMEN	10/25/2022		Österreich, Oberösterreich, Ziemnitzgraben Leonsberg, Südabfall		47784	Klemm	17.8.1962		
Cochlostoma septemspirale Klemm	50927	NHM Wien	PRESERVED SPECIMEN	10/25/2022		Österreich, Oberösterreich, Ebensee, Löwendenkmal		50927	Klemm	7.9.1964		
Cochlostoma septemspirale Klemm	6289	NHM Wien	PRESERVED SPECIMEN	10/25/2022		Österreich, Oberösterreich, Kalmberg bei Goisern		6289	Fuchs	7.1939		
Cochlostoma septemspirale Klemm	46744	NHM Wien	PRESERVED SPECIMEN	10/25/2022		Österreich, Oberösterreich, Hochsteinalm bei Traunkirchen		46744	Weis	1961		
Cochlostoma septemspirale Klemm	57611	NHM Wien	PRESERVED SPECIMEN	10/25/2022		Österreich, Oberösterreich, Bad Ischl, alte Römerstraße		57611	Strouhal	8.8.1955		
Cochlostoma septemspirale Klemm	52101	NHM Wien	PRESERVED SPECIMEN	10/25/2022		Österreich, Oberösterreich, Bad Ischl, Siriuskogel		52101	Klemm	23.6.1965		
Cochlostoma septemspirale Klemm	47400	NHM Wien	PRESERVED SPECIMEN	10/25/2022		Österreich, Oberösterreich, Straßenfelsen beim Frachtenbahnhof		47400	Klemm	7.7.1962		
Cochlostoma septemspirale Klemm	61822	NHM Wien	PRESERVED SPECIMEN	10/25/2022		Österreich, Oberösterreich, Bad Ischl, Ruine Wildenstein		61822	Klemm	26.6.1970		
Cochlostoma septemspirale Klemm	47543	NHM Wien	PRESERVED SPECIMEN	10/25/2022		Österreich, Oberösterreich, Vorderer Gosausee		47543	Klemm	20.7.1962		
Cochlostoma septemspirale Klemm	49368	NHM Wien	PRESERVED SPECIMEN	10/25/2022		Österreich, Oberösterreich, Ewige Wand bei Goisern		49368	Klemm	8.8.1963		
Cochlostoma septemspirale Klemm	38011	NHM Wien	PRESERVED SPECIMEN	10/25/2022		Österreich, Oberösterreich, Fahrnaugupf bei Traunkirchen		38011	Strouhal	20.7.1949		
Cochlostoma septemspirale Klemm	47327	NHM Wien	PRESERVED SPECIMEN	10/25/2022		Österreich, Oberösterreich, Soleleitungsweg zwischen Lauffen und Bad Ischl		47327	Klemm	26.6.1962		
Cochlostoma septemspirale Klemm	6422	NHM Wien	PRESERVED SPECIMEN	10/25/2022		Österreich, Oberösterreich, Goisern		6422	Fuchs	8.1939		
Cochlostoma septemspirale Klemm	47340	NHM Wien	PRESERVED SPECIMEN	10/25/2022		Österreich, Oberösterreich, Jainzenberg,SO, Felsen		47340	Klemm	27.6.1962		
Cochlostoma septemspirale Klemm	4710	NHM Wien	PRESERVED SPECIMEN	10/25/2022		Österreich, Oberösterreich, Hallstatt		4710	Fuchs			
Cochlostoma septemspirale Klemm	1643	NHM Wien	PRESERVED SPECIMEN	10/25/2022		Österreich, Oberösterreich, Weyer, Gamskögerl		1643	Ganslm.			
Cochlostoma septemspirale Klemm	59326	NHM Wien	PRESERVED SPECIMEN	10/25/2022		Österreich, Oberösterreich, Seestraße bei Hallstatt		59326	Klemm	9.7.1966		
Cochlostoma septemspirale Klemm	7040	NHM Wien	PRESERVED SPECIMEN	10/25/2022		Österreich, Oberösterreich, Goisern, Jochwand		7040	Fuchs	7.1939		
Cochlostoma septemspirale Klemm	64668	NHM Wien	PRESERVED SPECIMEN	10/25/2022		Österreich, Oberösterreich, alte Römerstraße bei Bad Ischl		64668	Klemm	6.9.1972		
Cochlostoma septemspirale Klemm	52059	NHM Wien	PRESERVED SPECIMEN	10/25/2022		Österreich, Oberösterreich, Bad Ischl, Rettenbachgenist		52059	Klemm	19.6.1965		
Cochlostoma septemspirale Klemm	26293	NHM Wien	PRESERVED SPECIMEN	10/25/2022		Österreich, Oberösterreich, Ebensee		26293	Klemm	30.10.1947		
Cochlostoma septemspirale Klemm	1630	NHM Wien	PRESERVED SPECIMEN	10/25/2022		Österreich, Oberösterreich, Weyer, Rettensteinkogel		1630	Ganslm.			
Cochlostoma septemspirale Klemm	57087	NHM Wien	PRESERVED SPECIMEN	10/25/2022		Österreich, Oberösterreich, Hinterstoder, Hintertombergau		57087	Hamann	26.10.1968		
Cochlostoma septemspirale Klemm	54791	NHM Wien	PRESERVED SPECIMEN	10/25/2022		Österreich, Oberösterreich, Bad Ischl, Jainzental, Felsen östl. d. Wasserfalls		54791	Klemm	7.6.1967		
Cochlostoma septemspirale Klemm	27599	NHM Wien	PRESERVED SPECIMEN	10/25/2022		Österreich, Oberösterreich, Koppenwinkel bei Obertraun		27599	Klemm	4.8.1948		
Cochlostoma septemspirale Klemm	48846	NHM Wien	PRESERVED SPECIMEN	10/25/2022		Österreich, Oberösterreich, Kleinreifling		48846	Klemm	27.8.1935		
Cochlostoma septemspirale Klemm	48298	NHM Wien	PRESERVED SPECIMEN	10/25/2022		Österreich, Oberösterreich, Wirt am Berg, 15 km südl. v. Wels		48298	Hamann	2.9.1962		
Cochlostoma septemspirale Klemm	40795	NHM Wien	PRESERVED SPECIMEN	10/25/2022		Österreich, Oberösterreich, Windischgarsten		40795	Ffranz			
Cochlostoma septemspirale Klemm	25043	NHM Wien	PRESERVED SPECIMEN	10/25/2022		Österreich, Oberösterreich, Pfarrkirchen bei Bad Hall		25043	Mahler	10.10.1940		
Cochlostoma septemspirale Klemm	23116	NHM Wien	PRESERVED SPECIMEN	10/25/2022		Österreich, Oberösterreich, Plomberg am Mondsee		23116	Klemm	13.10.1945		
Cochlostoma septemspirale Klemm	52354	NHM Wien	PRESERVED SPECIMEN	10/25/2022		Österreich, Oberösterreich, Windischgarsten		52354	Seidl	26.9.1965		
Cochlostoma septemspirale Klemm	24903	NHM Wien	PRESERVED SPECIMEN	10/25/2022		Österreich, Oberösterreich, Gosauschmied		24903	Klemm	30.9.1946		
Cochlostoma septemspirale Klemm	56312	NHM Wien	PRESERVED SPECIMEN	10/25/2022		Österreich, Oberösterreich, Straßenfelsen zwischen Hallstatt und Obertraun		56312	Klemm	3.6.1968		
Cochlostoma septemspirale Klemm	48703	NHM Wien	PRESERVED SPECIMEN	10/25/2022		Österreich, Oberösterreich, Klaus		48703	Hamann	26.5.1946		
Cochlostoma septemspirale Klemm	63746	NHM Wien	PRESERVED SPECIMEN	10/25/2022		Österreich, Oberösterreich, obertraun, Sarsteinwald, ob. Weg		63746	Klemm	3.8.1970		
Cochlostoma septemspirale Klemm	50958	NHM Wien	PRESERVED SPECIMEN	10/25/2022		Österreich, Oberösterreich, Bad Ischl, Kroissenwald		50958	Klemm	9.9.1964		
Cochlostoma septemspirale Klemm	49359	NHM Wien	PRESERVED SPECIMEN	10/25/2022		Österreich, Oberösterreich, Antenberg bei Antenau		49359	Klemm	8.8.1963		
Cochlostoma septemspirale Klemm	4065	NHM Wien	PRESERVED SPECIMEN	10/25/2022		Österreich, Oberösterreich, Scharfling		4065	Waringer	8.1936		
Cochlostoma septemspirale Klemm	24859	NHM Wien	PRESERVED SPECIMEN	10/25/2022		Österreich, Oberösterreich, Gosauzwang		24859	Klemm	30.9.1946		
Cochlostoma septemspirale Klemm	6306	NHM Wien	PRESERVED SPECIMEN	10/25/2022		Österreich, Oberösterreich, Solleitenweg Hallstatt - Steeg		6306	Fuchs	7.1939		
Cochlostoma septemspirale Klemm	52138	NHM Wien	PRESERVED SPECIMEN	10/25/2022		Österreich, Oberösterreich, Soleweg, Gosuamühle - Steeg		52138	Klemm	24.8.1965		
Cochlostoma septemspirale Klemm	6373	NHM Wien	PRESERVED SPECIMEN	10/25/2022		Österreich, Oberösterreich, Waldbachstrupp bei Hallstatt		6373	Fuchs	8.1939		
Cochlostoma septemspirale Klemm	49421	NHM Wien	PRESERVED SPECIMEN	10/25/2022		Österreich, Oberösterreich, Bad Ischl, Kalvarienberg Süd		49421	Klemm	1.9.1963		
Cochlostoma septemspirale Klemm	1797	NHM Wien	PRESERVED SPECIMEN	10/25/2022		Österreich, Oberösterreich, Weyer, Gaflenzgenist		1797	Ganslm.	2.1933		
Cochlostoma septemspirale Klemm	24194	NHM Wien	PRESERVED SPECIMEN	10/25/2022		Österreich, Oberösterreich, Obertraun, bei der Koppenbrunner Höhle		24194	Mahler	19.5.1946		
Cochlostoma septemspirale Klemm	25432	NHM Wien	PRESERVED SPECIMEN	10/25/2022		Österreich, Oberösterreich, Weyregg, Atterseegenist		25432	Klemm	28.3.1947		
Cochlostoma septemspirale Klemm	15188	NHM Wien	PRESERVED SPECIMEN	10/25/2022		Österreich, Oberösterreich, Goisern, Jochwand		15188	Fuchs	14.8.1936		
Cochlostoma septemspirale Klemm	50723	NHM Wien	PRESERVED SPECIMEN	10/25/2022		Österreich, Oberösterreich, Ramsau bei Goisern, Katzengraben		50723	Klemm	29.7.1964		
Cochlostoma septemspirale Klemm	24875	NHM Wien	PRESERVED SPECIMEN	10/25/2022		Österreich, Oberösterreich, Gosautal, Südfuß des Zwölferkofels		24875	Klemm	30.9.1946		
Cochlostoma septemspirale Klemm	6405	NHM Wien	PRESERVED SPECIMEN	10/25/2022		Österreich, Oberösterreich, Ramsau bei Goisern		6405	Fuchs	8.1938		
Cochlostoma septemspirale Klemm	47402	NHM Wien	PRESERVED SPECIMEN	10/25/2022		Österreich, Oberösterreich, Bad Ischl, Kaiserpark		47402	Klemm	8.7.1962		
Cochlostoma septemspirale Klemm	1124	NHM Wien	PRESERVED SPECIMEN	10/25/2022		Österreich, Oberösterreich, Nussdorf am Attersee		1124	Herzog	9.1928		
Cochlostoma septemspirale Klemm	53344	NHM Wien	PRESERVED SPECIMEN	10/25/2022		Österreich, Oberösterreich, Erbstollen bei Lauffen		53344	Klemm	12.7.1966		
Cochlostoma septemspirale Klemm	50942	NHM Wien	PRESERVED SPECIMEN	10/25/2022		Österreich, Oberösterreich, Rindbachtal bei Ebensee		50942	Klemm	7.9.1964		
Cochlostoma septemspirale Klemm	49232	NHM Wien	PRESERVED SPECIMEN	10/25/2022		Österreich, Oberösterreich, Salzberg bei Bad Ischl		49232	Klemm	25.6.1963		
Cochlostoma septemspirale Klemm	25325	NHM Wien	PRESERVED SPECIMEN	10/25/2022		Österreich, Oberösterreich, Unterach am Attersee		25325	Klemm	25.11.1946		
Cochlostoma septemspirale Klemm	49272	NHM Wien	PRESERVED SPECIMEN	10/25/2022		Österreich, Oberösterreich, Rettenbachtal bei Bad Ischl		49272	Klemm	18.7.1963		
Cochlostoma septemspirale Klemm	47417	NHM Wien	PRESERVED SPECIMEN	10/25/2022		Österreich, Oberösterreich, Hallstatt, Straßenfelsen nördl. vom Ort		47417	Klemm	10.7.1962		
Cochlostoma septemspirale Klemm	50776	NHM Wien	PRESERVED SPECIMEN	10/25/2022		Österreich, Oberösterreich, Waldbachstrub bei Hallstatt, Felsen, Kl. Fall bis Brücke		50776	Klemm	12.8.1964		
Cochlostoma septemspirale Klemm	53896	NHM Wien	PRESERVED SPECIMEN	10/25/2022		Österreich, Oberösterreich, Bad Ischl, Soleweg nach Lauffen		53896	Klemm	12.7.1966		
Cochlostoma septemspirale Klemm	26268	NHM Wien	PRESERVED SPECIMEN	10/25/2022		Österreich, Oberösterreich, Wimmersberg bei Ebensee, SO-Hang		26268	Klemm	30.10.1947		
Cochlostoma septemspirale Klemm	6414	NHM Wien	PRESERVED SPECIMEN	10/25/2022		Österreich, Oberösterreich, Hallstatt, Straße		6414	Fuchs	8.1939		
Cochlostoma septemspirale Klemm	47479	NHM Wien	PRESERVED SPECIMEN	10/25/2022		Österreich, Oberösterreich, Jainzen bei Bad Ischl, Wasserfall		47479	Klemm	16.7.1962		
Cochlostoma septemspirale Klemm	53361	NHM Wien	PRESERVED SPECIMEN	10/25/2022		Österreich, Oberösterreich, Ebensee, Seilbahnstation		53361	Klemm	22.7.1966		
Cochlostoma septemspirale Klemm	47317	NHM Wien	PRESERVED SPECIMEN	10/25/2022		Österreich, Oberösterreich, Bad Ischl, Siriuskogel		47317	Klemm	25.6.1962		
Cochlostoma septemspirale Klemm	50949	NHM Wien	PRESERVED SPECIMEN	10/25/2022		Österreich, Oberösterreich, Bad Ischl, Siriuskogel Nord		50949	Klemm	9.9.1964		
Cochlostoma septemspirale Klemm	27951	NHM Wien	PRESERVED SPECIMEN	10/25/2022		Österreich, Oberösterreich, Plomberg am Mondsee		27951	Klemm	5.10.1948		
Cochlostoma septemspirale Klemm	47621	NHM Wien	PRESERVED SPECIMEN	10/25/2022		Österreich, Oberösterreich, Obertraun		47621	Klemm	23.7.1962		
Cochlostoma septemspirale Klemm	4617	NHM Wien	PRESERVED SPECIMEN	10/25/2022		Österreich, Oberösterreich, Bad Ischl		4617	Fuchs			
Cochlostoma septemspirale Klemm	52149	NHM Wien	PRESERVED SPECIMEN	10/25/2022		Österreich, Oberösterreich, Hallstatt, Straße 2 km nördl.		52149	Klemm	16.9.1965		
Cochlostoma septemspirale Klemm	60800	NHM Wien	PRESERVED SPECIMEN	10/25/2022		Österreich, Oberösterreich, Bad Ischl, Felsen hinter Kaiser-Jagdstandbild		60800	Klemm	26.6.1970		
Cochlostoma septemspirale Klemm	23092	NHM Wien	PRESERVED SPECIMEN	10/25/2022		Österreich, Oberösterreich, Straße von Weißenbach am Attersee zum Mondsee		23092	Klemm	22.9.1945		
Cochlostoma septemspirale Klemm	50729	NHM Wien	PRESERVED SPECIMEN	10/25/2022		Österreich, Oberösterreich, Waldbachstrub bei Hallstatt, Waldanstieg		50729	Klemm	12.8.1964		
Cochlostoma septemspirale Klemm	54848	NHM Wien	PRESERVED SPECIMEN	10/25/2022		Österreich, Oberösterreich, Hallstatt, Straße Nord		54848	Klemm	7.7.1967		
Cochlostoma septemspirale Klemm	56369	NHM Wien	PRESERVED SPECIMEN	10/25/2022		Österreich, Oberösterreich, Obertraun, Talstation der Dachsteinseilbahn		56369	Klemm	30.6.1968		
Cochlostoma septemspirale Klemm	53377	NHM Wien	PRESERVED SPECIMEN	10/25/2022		Österreich, Oberösterreich, Bad Ischl, Jainzental		53377	Klemm	27.6.1966		
Cochlostoma septemspirale Klemm	56288	NHM Wien	PRESERVED SPECIMEN	10/25/2022		Österreich, Oberösterreich, Bad Ischl, Straßenfelsen gegenüber Kalkwerk		56288	Klemm	26.6.1968		
Cochlostoma septemspirale Klemm	49401	NHM Wien	PRESERVED SPECIMEN	10/25/2022		Österreich, Oberösterreich, Soleweg Gosaumühle - Hallstatt		49401	Klemm	20.8.1963		
Cochlostoma septemspirale Klemm	4057	NHM Wien	PRESERVED SPECIMEN	10/31/2022		Österreich, Oberösterreich, Obertraun, Promenadeweg		4057	Waringer	8.1936		
Cochlostoma septemspirale Klemm	53263	NHM Wien	PRESERVED SPECIMEN	10/31/2022		Österreich, Oberösterreich, Traunau-Genist nach Bad Ischl		53263	Klemm	22.6.1966		
Cochlostoma septemspirale Klemm	53225	NHM Wien	PRESERVED SPECIMEN	10/31/2022		Österreich, Oberösterreich, Bad Ischl, Kalkwerk, Trauntal		53225	Klemm	22.6.1966		
Cochlostoma septemspirale Klemm	63765	NHM Wien	PRESERVED SPECIMEN	10/31/2022		Österreich, Oberösterreich, Obertraun, Sarsteinwand Ost		63765	Klemm	3.8.1971		
Cochlostoma septemspirale Klemm	47360	NHM Wien	PRESERVED SPECIMEN	10/31/2022		Österreich, Oberösterreich, Bad Ischl, oberhalb der Talstation der Katrin-Seilbahn		47360	Klemm	29.6.1962		
Cochlostoma septemspirale Klemm	24386	NHM Wien	PRESERVED SPECIMEN	10/31/2022		Österreich, Oberösterreich, Pfarrkirchen bei Bad Hall		24386	Mahler	10.6.1946		
Cochlostoma septemspirale Klemm	53287	NHM Wien	PRESERVED SPECIMEN	10/31/2022		Österreich, Oberösterreich, Bad Ischl, Roith-Stiege		53287	Klemm	27.6.1966		
Cochlostoma septemspirale Klemm	6386	NHM Wien	PRESERVED SPECIMEN	10/31/2022		Österreich, Oberösterreich, Bad Ischl, Johann-Strauss-Promenade		6386	Fuchs	8.1939		
Cochlostoma septemspirale Klemm	53295	NHM Wien	PRESERVED SPECIMEN	10/31/2022		Österreich, Oberösterreich, Stankogel Süd nach Bad Ischl		53295	Klemm	3.7.1966		
Cochlostoma septemspirale Klemm	100451	NHM Wien	PRESERVED SPECIMEN	10/31/2022		Österreich, Oberösterreich, Oberrothenbuch, Gem. Braunau am Inn		100451	Fritz Seidl	28.7.199		
Cochlostoma septemspirale Klemm	100467	NHM Wien	PRESERVED SPECIMEN	10/31/2022		Österreich, Oberösterreich, Mischwald im Mündungsbereich des Großen Kößlbaches, NW von Esternberg, Bez. Schärding		100467	Fritz & Wolfgang Seidl	24.5.1998		
Cochlostoma septemspirale Klemm	6226	NHM Wien	PRESERVED SPECIMEN	10/31/2022		Österreich, Oberösterrreich, Solleitenweg bei Anzenzau		6226	Fuchs	7.1939		
Cochlostoma septemspirale Klemm	47634	NHM Wien	PRESERVED SPECIMEN	10/31/2022		Österreich, Steiermark, Straße nach Altaussee, bei Koppenwinkel		47634	Klemm	23.7.1962		
Cochlostoma septemspirale Klemm	59902	NHM Wien	PRESERVED SPECIMEN	10/31/2022		Österreich, Niederösterreich, Donau-Genist bei Aggstein		59902	Edlauer			
Cochlostoma septemspirale Klemm	64106	NHM Wien	PRESERVED SPECIMEN	10/31/2022		Österreich, Niederösterreich, Baden, Hornfelsen bei Grenzach		64106	Seidl	22.5.1971		
Cochlostoma septemspirale Klemm	15189	NHM Wien	PRESERVED SPECIMEN	10/31/2022		Österreich, Steiermark, rechtes Ufer der Enns bei Großreifling		15189				
Cochlostoma septemspirale Klemm	65560	NHM Wien	PRESERVED SPECIMEN	10/31/2022		Österreich, Steiermark, Altaussee, Loser-Seewand		65560	Klemm	30.8.1973		
Cochlostoma septemspirale Klemm	27570	NHM Wien	PRESERVED SPECIMEN	10/31/2022		Österreich, Steiermark, Bad Aussee		27570	Klemm	4.8.1948		
Cochlostoma septemspirale Klemm	54952	NHM Wien	PRESERVED SPECIMEN	10/31/2022		Österreich, Steiermark, Steinpass		54952	Klemm	20.7.1967		
Cochlostoma septemspirale Klemm	56390	NHM Wien	PRESERVED SPECIMEN	10/31/2022		Österreich, Steiermark, Grundlsee bei Bad Aussee		56390	Elser	5.6.1968		
Cochlostoma septemspirale Klemm	63738	NHM Wien	PRESERVED SPECIMEN	10/31/2022		Österreich, Steiermark, Mitterndorf		63738	Lacroix	2.8.1971		
Cochlostoma septemspirale Klemm	4692	NHM Wien	PRESERVED SPECIMEN	10/31/2022		Österreich, Steiermark, Ramsau		4692	Fuchs			
Cochlostoma septemspirale Klemm	56594	NHM Wien	PRESERVED SPECIMEN	10/31/2022		Österreich, Steiermark, Wörschachklamm bei Liezen		56594	Seidl	20.7.1968		
Cochlostoma septemspirale Klemm	54915	NHM Wien	PRESERVED SPECIMEN	10/31/2022		Österreich, Steiermark, Steinpass, Stauseegenist		54915	Klemm	20.7.1967		
Cochlostoma septemspirale Klemm	15190	NHM Wien	PRESERVED SPECIMEN	10/31/2022		Österreich, Steiermark, Wörschachklamm		15190	Klemm			
Cochlostoma septemspirale Klemm	40798	NHM Wien	PRESERVED SPECIMEN	10/31/2022		Österreich, Steiermark, Wörschach, Ruine Wolkenstein		40798	Franz	14,7,1947		
Cochlostoma septemspirale Klemm	40793	NHM Wien	PRESERVED SPECIMEN	10/31/2022		Österreich, Steiermark, Steinach, Südhang 		40793	Franz	9.9.1943		
Cochlostoma septemspirale Klemm	44432	NHM Wien	PRESERVED SPECIMEN	10/31/2022		Österreich, Kärnten, Bärental, Tratten, Karawanken		44432	Klemm	1.7.1960		
Cochlostoma septemspirale Klemm	7309	NHM Wien	PRESERVED SPECIMEN	10/31/2022		Österreich, Kärnten, Weg z. Misoria-Alm bei Mauthen im Gailtal		7309	Klemm	7.1940		
Cochlostoma septemspirale Klemm	15228	NHM Wien	PRESERVED SPECIMEN	10/31/2022		Österreich, Kärnten, Plöckenpass		15228				
Cochlostoma septemspirale Klemm	66673	NHM Wien	PRESERVED SPECIMEN	10/31/2022		Österreich, Kärnten, Oberdrauburg, Silberbach		66673	Thorson	10.7.1934		
Cochlostoma septemspirale Klemm	44697	NHM Wien	PRESERVED SPECIMEN	10/31/2022		Österreich, Kärnten, Wurzenpass, Karawanken		44697	Klemm	3.8.1960		
Cochlostoma septemspirale Klemm	66674	NHM Wien	PRESERVED SPECIMEN	10/31/2022		Österreich, Kärnten, Hermagor		66674	Thorson	26.7.1934		
Cochlostoma septemspirale Klemm	66675	NHM Wien	PRESERVED SPECIMEN	10/31/2022		Österreich, Kärnten, Plöckenpass		66675	Thorson	16.7.1934		
Cochlostoma septemspirale Klemm	66679	NHM Wien	PRESERVED SPECIMEN	10/31/2022		Österreich, Kärnten, Nätsch		66679	Thorson	24.7.1934		
Cochlostoma septemspirale Klemm	22170	NHM Wien	PRESERVED SPECIMEN	10/31/2022		Österreich, Kärnten, Warmbad Villach, Tscheltschnigkogel		22170	Strouhal	22.8.1934		
Cochlostoma septemspirale Klemm	22188	NHM Wien	PRESERVED SPECIMEN	10/31/2022		Österreich, Kärnten, Warmbad Villach, Napoleonwiese		22188	Strouhal	8.1933		
Cochlostoma septemspirale Klemm	66678	NHM Wien	PRESERVED SPECIMEN	10/31/2022		Österreich, Kärnten, Heiligengeist, Ottohütte		66678	Thorson	23.7.1934		
Cochlostoma septemspirale Klemm	38364	NHM Wien	PRESERVED SPECIMEN	10/31/2022		Österreich, Kärnten, Warmbad Villach, Gräflach		38364	Strouhal			
Cochlostoma septemspirale Klemm	2042	NHM Wien	PRESERVED SPECIMEN	10/31/2022		Österreich, Kärnten, Karawanken, Rosenbach, Straße a.d. Rohrleitung		2042	Klemm	6.1934		
Cochlostoma septemspirale Klemm	57042	NHM Wien	PRESERVED SPECIMEN	10/31/2022		Österreich, Kärnten, Kaverne 1 km oberhalb d. Heldenfriedhofs		57042	Elser	9.1968		
Cochlostoma septemspirale Klemm	52267	NHM Wien	PRESERVED SPECIMEN	10/31/2022		Österreich, Kärnten, Bärental, Karawanken		52267	Seidl	25.7.1965		
Cochlostoma septemspirale Klemm	1120	NHM Wien	PRESERVED SPECIMEN	10/31/2022		Österreich, Kärnten, Valentin-Klamm bei Mauthen		1120	Klemm	6.1931		
Cochlostoma septemspirale Klemm	46202	NHM Wien	PRESERVED SPECIMEN	10/31/2022		Österreich, Kärnten, Dobratsch, Weg zur Kaserin		46202	Sauer			
Cochlostoma septemspirale Klemm	44718	NHM Wien	PRESERVED SPECIMEN	10/31/2022		Österreich, Kärnten, Freibachgraben n. Terkl, Karawanken		44718	Klemm	8.8.1960		
Cochlostoma septemspirale Klemm	44373	NHM Wien	PRESERVED SPECIMEN	10/31/2022		Österreich, Kärnten, Huda Jama, Koschuta		44373	Klemm	13.7.1960		
Cochlostoma septemspirale Klemm	2051	NHM Wien	PRESERVED SPECIMEN	10/31/2022		Österreich, Kärnten, Rosenbach, Bahndamm, Karawanken		2051	Klemm	6.1934		
Cochlostoma septemspirale Klemm	1404	NHM Wien	PRESERVED SPECIMEN	10/31/2022		Österreich, Kärnten, Karawanken, Kupitzklamm bei Eisenkappel		1404	Klemm	6.1932		
Cochlostoma septemspirale Klemm	49304	NHM Wien	PRESERVED SPECIMEN	10/31/2022		Österreich, Kärnten, Altaussee		49304	Klemm	18.7.1963		
Cochlostoma septemspirale Klemm	52287	NHM Wien	PRESERVED SPECIMEN	10/31/2022		Österreich, Kärnten, Karawanken, Rosenbach		52287	Seidl	25.7.1965		
Cochlostoma septemspirale Klemm	46207	NHM Wien	PRESERVED SPECIMEN	10/31/2022		Österreich, Kärnten, Weg Bleiberg - Heiligengeist		46207	Sauer			
Cochlostoma septemspirale Klemm	2053	NHM Wien	PRESERVED SPECIMEN	10/31/2022		Österreich, Kärnten, Karawanken, Rosenbach, Talweg nach Schlatten		2053	Klemm	6.1934		
Cochlostoma septemspirale Klemm	44468	NHM Wien	PRESERVED SPECIMEN	10/31/2022		Österreich, Kärnten, Gurnitz-Schlucht, Sattnitz		44468	Klemm	25.7.1960		
Cochlostoma septemspirale Klemm	56988	NHM Wien	PRESERVED SPECIMEN	10/31/2022		Österreich, Kärnten, Karawanken, Straße Suhagraben		56988	Horst	9.1968		
Cochlostoma septemspirale Klemm	44241	NHM Wien	PRESERVED SPECIMEN	10/31/2022		Österreich, Kärnten, Loibltal, Kleinloibl		44241	Klemm	3.7.1960		
Cochlostoma septemspirale Klemm	69219	NHM Wien	PRESERVED SPECIMEN	10/31/2022		Österreich, Kärnten, Altausseersee-Genist		69219	Sperling	10.1975		
Cochlostoma septemspirale Klemm	44494	NHM Wien	PRESERVED SPECIMEN	10/31/2022		Österreich, Kärnten, Sattnitz, Annabrücke		44494	Klemm	25.7.1960		
Cochlostoma septemspirale Klemm	38302	NHM Wien	PRESERVED SPECIMEN	10/31/2022		Österreich, Kärnten, Karawanken, Goritschach-Illitschhöhe		38302	Strouhal	6.9.1949		
Cochlostoma septemspirale Klemm	38289	NHM Wien	PRESERVED SPECIMEN	10/31/2022		Österreich, Kärnten, Gräflach bei Warmbad Villach, vor Versturzhöhle		38289	Strouhal	31.8.1949		
Cochlostoma septemspirale Klemm	56957	NHM Wien	PRESERVED SPECIMEN	10/31/2022		Österreich, Kärnten, Hollenburg		56957	Horst	9.1968		
Cochlostoma septemspirale Klemm	15221	NHM Wien	PRESERVED SPECIMEN	10/31/2022		Österreich, Kärnten, Karnische Alpen, Mauthner Alpe		15221	Klemm			
Cochlostoma septemspirale Klemm	44304	NHM Wien	PRESERVED SPECIMEN	10/31/2022		Österreich, Kärnten, Ma. Rain, Drauabfall, Sattnitz		44304	Klemm	3.9.1960		
Cochlostoma septemspirale Klemm	27438	NHM Wien	PRESERVED SPECIMEN	10/31/2022		Österreich, Kärnten, Klamm bei Mauthen, hinterer Teil		27438	Klemm	29.7.1948		
Cochlostoma septemspirale Klemm	44584	NHM Wien	PRESERVED SPECIMEN	10/31/2022		Österreich, Kärnten, Karawanken, Mallestig		44584	Klemm	1.8.1960		
Cochlostoma septemspirale Klemm	1119	NHM Wien	PRESERVED SPECIMEN	10/31/2022		Österreich, Kärnten, Karnische Alpen, Mauthner Alpe		1119	Klemm	6.1931		
Cochlostoma septemspirale Klemm	1403	NHM Wien	PRESERVED SPECIMEN	10/31/2022		Österreich, Kärnten, Mauthen im Gailtal		1403	Klemm	6.1932		
Cochlostoma septemspirale Klemm	7296	NHM Wien	PRESERVED SPECIMEN	10/31/2022		Österreich, Kärnten, Karnische Alpen, Valentinalpe		7296	Klemm	7.1940		
Cochlostoma septemspirale Klemm	50680	NHM Wien	PRESERVED SPECIMEN	10/31/2022		Österreich, Kärnten, Karawanken, Inneres d. Ruine Altfinkenstein		50680	Thaler	19.8.1963		
Cochlostoma septemspirale Klemm	64912	NHM Wien	PRESERVED SPECIMEN	10/31/2022		Österreich, Kärnten, Villach-Umgebung, Dobratsch		64912	Kühnelt	8.9.1942		
Cochlostoma septemspirale Klemm	2055	NHM Wien	PRESERVED SPECIMEN	10/31/2022		Österreich, Kärnten, Karawanken, Ardeschitzenklamm		2055	Klemm	6.1944		
Cochlostoma septemspirale Klemm	53430	NHM Wien	PRESERVED SPECIMEN	10/31/2022		Österreich, Kärnten, Rechberg		53430	Seidl	20.7.1966		
Cochlostoma septemspirale Klemm	7890	NHM Wien	PRESERVED SPECIMEN	11/2/2022		Österreich, Kärnten, Bosiceva Gora bei Eisenkappel		7890	Klemm	8.1941		
Cochlostoma septemspirale Klemm	1402	NHM Wien	PRESERVED SPECIMEN	11/2/2022		Österreich, Kärnten, Karawanken, Ebriacher Klamm bei Eisenkappel		1402	Klemm	6.1932		
Cochlostoma septemspirale Klemm	44399	NHM Wien	PRESERVED SPECIMEN	11/2/2022		Österreich, Kärnten, Sattnitz, Unterschlossberg		44399	Klemm	17.7.1960		
Cochlostoma septemspirale Klemm	44265	NHM Wien	PRESERVED SPECIMEN	11/2/2022		Österreich, Kärnten, Ferlacher Horn		44265	Klemm	6.7.1960		
Cochlostoma septemspirale Klemm	2043	NHM Wien	PRESERVED SPECIMEN	11/2/2022		Österreich, Kärnten, Karawanken, Rosenbach, Bärengraben		2043	Klemm	6.1934		
Cochlostoma septemspirale Klemm	1121	NHM Wien	PRESERVED SPECIMEN	11/2/2022		Österreich, Kärnten, Karnische Alpen, Plöckenpass		1121	Klemm	6.1931		
Cochlostoma septemspirale Klemm	56972	NHM Wien	PRESERVED SPECIMEN	11/2/2022		Österreich, Kärnten, Karawanken, Koschutahaus		56972	Horst	9.1968		
Cochlostoma septemspirale Klemm	1405	NHM Wien	PRESERVED SPECIMEN	11/2/2022		Österreich, Kärnten, Ostrücken des Hochobir		1405	Klemm	6.1932		
Cochlostoma septemspirale Klemm	2048	NHM Wien	PRESERVED SPECIMEN	11/2/2022		Österreich, Kärnten, Karawanken, Rosenbach, Bahndurchlass bei Tunnel		2048	Klemm	6.1934		
Cochlostoma septemspirale Klemm	46216	NHM Wien	PRESERVED SPECIMEN	11/2/2022		Österreich, Kärnten, Dobratsch		46216	Sauer			
Cochlostoma septemspirale Klemm	7858	NHM Wien	PRESERVED SPECIMEN	11/2/2022		Österreich, Kärnten, Leppengraben bei Eisenkappel		7858	Klemm	8.1941		
Cochlostoma septemspirale Klemm	66677	NHM Wien	PRESERVED SPECIMEN	11/2/2022		Österreich, Kärnten, Sattnitz, Ma. Rain		66677	Thorson	20.7.1934		
Cochlostoma septemspirale Klemm	2045	NHM Wien	PRESERVED SPECIMEN	11/2/2022		Österreich, Kärnten, St. Jakob im Rosental		2045	Klemm	6.1934		
Cochlostoma septemspirale Klemm	2049	NHM Wien	PRESERVED SPECIMEN	11/2/2022		Österreich, Kärnten, Karawanken, Rosenbach, Nageleklause		2049	Klemm	6.1934		
Cochlostoma septemspirale Klemm	2044	NHM Wien	PRESERVED SPECIMEN	11/2/2022		Österreich, Kärnten, Karawanken, Rosenbacher Schweiz, Felsenende		2044	Klemm	6.1934		
Cochlostoma septemspirale Klemm	56620	NHM Wien	PRESERVED SPECIMEN	11/2/2022		Österreich, Kärnten, Trögerner Klamm bei Eisenkappel		56620	Seidl	21.7.1968		
Cochlostoma septemspirale Klemm	66676	NHM Wien	PRESERVED SPECIMEN	11/2/2022		Österreich, Kärnten, Kötschach-Mauthen		66676	Thorson	16.7.1934		
Cochlostoma septemspirale Klemm	34990	NHM Wien	PRESERVED SPECIMEN	11/2/2022		Österreich, Kärnten, Unterloibl		34990	Klemm	26.4.1960		
Cochlostoma septemspirale Klemm	7827	NHM Wien	PRESERVED SPECIMEN	11/2/2022		Österreich, Kärnten, Kupitzklamm bei Eisenkappel, Seitengraben		7827	Klemm	8.1941		
Cochlostoma septemspirale Klemm	1406	NHM Wien	PRESERVED SPECIMEN	11/2/2022		Österreich, Kärnten, Steiner Alpen, Vellacher Kotschna, Nord-Abfall		1406	Klemm	6.1932		
Cochlostoma septemspirale Klemm	44940	NHM Wien	PRESERVED SPECIMEN	11/2/2022		Österreich, Kärnten, Waidischtal, Wabuschnitzgraben		44940	Klemm	12.8.1960		
Cochlostoma septemspirale Klemm	44346	NHM Wien	PRESERVED SPECIMEN	11/2/2022		Österreich, Kärnten, Karawanken, Loiblpasshöhe		44346	Klemm	10.7.1960		
Cochlostoma septemspirale Klemm	22240	NHM Wien	PRESERVED SPECIMEN	11/2/2022		Österreich, Kärnten, Graschelitzen-Höhle		22240	Strouhal	25.8.1934		
Cochlostoma septemspirale Klemm	63054	NHM Wien	PRESERVED SPECIMEN	11/2/2022		Österreich, Kärnten, Schloss Stein bei Dellach		63054	Kofler	26.5.1970		
Cochlostoma septemspirale Klemm	44714	NHM Wien	PRESERVED SPECIMEN	11/2/2022		Österreich, Kärnten, Terkl, Koschuta		44714	Klemm	8.8.1960		
Cochlostoma septemspirale Klemm	44894	NHM Wien	PRESERVED SPECIMEN	11/2/2022		Österreich, Kärnten, Karawanken, unteres Waidischbachtal		44894	Klemm	28.8.1960		
Cochlostoma septemspirale Klemm	44665	NHM Wien	PRESERVED SPECIMEN	11/2/2022		Österreich, Kärnten, Federaun, Dobratsch		44665	Klemm	3.8.1960		
Cochlostoma septemspirale Klemm	57005	NHM Wien	PRESERVED SPECIMEN	11/2/2022		Österreich, Kärnten, Gratschitzengraben bei Rosenbach		57005	Horst	9.1968		
Cochlostoma septemspirale Klemm	53429	NHM Wien	PRESERVED SPECIMEN	11/2/2022		Österreich, Kärnten, Rechberg bei Eisenkappel		53429	Seidl	20.7.1966		
Cochlostoma septemspirale Klemm	40941	NHM Wien	PRESERVED SPECIMEN	11/2/2022		Österreich, Kärnten, Karawanken, Rabenberg		40941	Hölzel	20.6.1956		
Cochlostoma septemspirale Klemm	63135	NHM Wien	PRESERVED SPECIMEN	11/2/2022		Österreich, Kärnten, Eisenkappel		63135	Klemm	6.1934		
Cochlostoma septemspirale Klemm	44669	NHM Wien	PRESERVED SPECIMEN	11/2/2022		Österreich, Kärnten, Pöckau, Schlucht		44669	Klemm	3.8.1960		
Cochlostoma septemspirale Klemm	2056	NHM Wien	PRESERVED SPECIMEN	11/2/2022		Österreich, Kärnten, Karawanken, Gratschitzengraben		2056	Klemm	6.1944		
Cochlostoma septemspirale Klemm	57776	NHM Wien	PRESERVED SPECIMEN	11/2/2022		Österreich, Kärnten, Maria Elend, Suchagraben		57776	Strouhal	24.9.1960		
Cochlostoma septemspirale Klemm	44856	NHM Wien	PRESERVED SPECIMEN	11/2/2022		Österreich, Kärnten, Karawanken, Bärental, Johannsenruhe, Südhang, Geröll		44856	Klemm	15,8,1960		
Cochlostoma septemspirale Klemm	44176	NHM Wien	PRESERVED SPECIMEN	11/2/2022		Österreich, Kärnten, Karawanken, Unterloibl		44176	Klemm	29.6.1960		
Cochlostoma septemspirale Klemm	27349	NHM Wien	PRESERVED SPECIMEN	11/2/2022		Österreich, Kärnten, Gailtaler Alpen, Weißbriach		27349	Klemm	27.7.1948		
Cochlostoma septemspirale Klemm	15224	NHM Wien	PRESERVED SPECIMEN	11/7/2022		Österreich, Kärnten, Karnische Alpen, Valentin-Klamm bei Mauthen		15224				
Cochlostoma septemspirale Klemm	27403	NHM Wien	PRESERVED SPECIMEN	11/7/2022		Österreich, Kärnten, Valentin-Klamm bei Mauthen, vorderer Teil		27403	Klemm	19.7.1948		
Cochlostoma septemspirale Klemm	56977	NHM Wien	PRESERVED SPECIMEN	11/7/2022		Österreich, Kärnten, Scarbia, Ost-Sattnitz		56977	Horst	4.9.1968		
Cochlostoma septemspirale Klemm	56963	NHM Wien	PRESERVED SPECIMEN	11/7/2022		Österreich, Kärnten, Kirschentheuer bei Ferlach		56963	Horst	4.9.1968		
Cochlostoma septemspirale Klemm	7519	NHM Wien	PRESERVED SPECIMEN	11/7/2022		Österreich, Kärnten, Karawanken, Lobnikgraben bei Eisenkappel		7519	Klemm	8.1941		
Cochlostoma septemspirale Klemm	44216	NHM Wien	PRESERVED SPECIMEN	11/7/2022		Österreich, Kärnten, Tscheppaschlucht, Loibltal		44216	Klemm	3.7.1960		
Cochlostoma septemspirale Klemm	7554	NHM Wien	PRESERVED SPECIMEN	11/7/2022		Österreich, Kärnten, Karawanken, bei Eisenkappel		7554	Klemm	8.1941		
Cochlostoma septemspirale Klemm	7872	NHM Wien	PRESERVED SPECIMEN	11/7/2022		Österreich, Kärnten, Karawanken, Eisenkappel, an der Straße gegen Norden		7872	Klemm	8.1941		
Cochlostoma septemspirale Klemm	63141	NHM Wien	PRESERVED SPECIMEN	11/7/2022		Österreich, Kärnten, Boziceva gora bei Eisenkappel		63141	Klemm	8.1941		
Cochlostoma septemspirale Klemm	1400	NHM Wien	PRESERVED SPECIMEN	11/7/2022		Österreich, Kärnten, Karawanken, Eisenkappel		1400	Klemm	6.1932		
Cochlostoma septemspirale Klemm	1407	NHM Wien	PRESERVED SPECIMEN	11/7/2022		Österreich, Kärnten, Lobnik bei Eisenkappel		1407	Klemm	6.1932		
Cochlostoma septemspirale Klemm	2054	NHM Wien	PRESERVED SPECIMEN	11/7/2022		Österreich, Kärnten, Karawanken, Rosenbach, Talstraße		2054	Klemm	6.1934		
Cochlostoma septemspirale Klemm	44970	NHM Wien	PRESERVED SPECIMEN	11/7/2022		Österreich, Kärnten, Karnische Alpen, Unt. Valentinalm		44970	Klemm	16.8.1960		
Cochlostoma septemspirale Klemm	44435	NHM Wien	PRESERVED SPECIMEN	11/7/2022		Österreich, Kärnten, Bärental bis Stouhütte		44435	Klemm	21.7.1960		
Cochlostoma septemspirale Klemm	7260	NHM Wien	PRESERVED SPECIMEN	11/7/2022		Österreich, Kärnten, Valentin-Klamm bei Mauthen		7260	Klemm	7.1940		
Cochlostoma septemspirale Klemm	44726	NHM Wien	PRESERVED SPECIMEN	11/7/2022		Österreich, Kärnten, Karawanken, Wandfuß des Kuhberges, Hochobir		44726	Klemm	8.8.1960		
Cochlostoma septemspirale Klemm	2058	NHM Wien	PRESERVED SPECIMEN	11/7/2022		Österreich, Kärnten, Karawanken, Rosenbacher Schweiz		2058	Klemm	6.1934		
Cochlostoma septemspirale Klemm	44457	NHM Wien	PRESERVED SPECIMEN	11/7/2022		Österreich, Kärnten, Ebental, Sattnitz, Wasserfall		44457	Klemm	25.7.1960		
Cochlostoma septemspirale Klemm	7385	NHM Wien	PRESERVED SPECIMEN	11/7/2022		Österreich, Kärnten, Kanzianiberg, südl. v. Villach		7385	Klemm	7.1940		
Cochlostoma septemspirale Klemm	15235	NHM Wien	PRESERVED SPECIMEN	11/7/2022		Österreich, Kärnten, Ruine Altfinkenstein südl. v. Faak		15235	Klemm			
Cochlostoma septemspirale Klemm	44937	NHM Wien	PRESERVED SPECIMEN	11/7/2022		Österreich, Kärnten, Karawanken, Hochobir, Wildensteinerfall		44937	Klemm	12.8.1960		
Cochlostoma septemspirale Klemm	52725	NHM Wien	PRESERVED SPECIMEN	11/7/2022		Österreich, Kärnten, Karawanken, Wandfuß Hochobir, Freibachgraben		52725	Fauer	31.8.1965		
Cochlostoma septemspirale Klemm	70466	NHM Wien	PRESERVED SPECIMEN	11/7/2022		Österreich, Kärnten, Arnoldstein, Wasserfall		70466	Lamprecht	9.6.1966		
Cochlostoma septemspirale Klemm	70036	NHM Wien	PRESERVED SPECIMEN	11/7/2022		Österreich, Kärnten, Trögerner Klamm		70036	Schuster	8.6.1978		
Cochlostoma septemspirale Klemm	70072	NHM Wien	PRESERVED SPECIMEN	11/7/2022		Österreich, Kärnten, Karawanken, Kropiunerbach		70072	Schuster	8.1976		
Cochlostoma septemspirale Klemm	15239	NHM Wien	PRESERVED SPECIMEN	11/7/2022		Österreich, Kärnten / Italien, Friaul, Malborghetto		15239				
Eupomatias septemspiralis	75000-E1364	coll. Edlauer	PRESERVED SPECIMEN	12/12/2022		Österreich, Steiermark, Berg Hum bei Tüffer		75000-E1364	Jakobi			
Eupomatias septemspiralis	68121	coll. Edlauer	PRESERVED SPECIMEN	12/12/2022		Österreich, Steiermark		68121				
Cochlostoma septemspirale	75000-E10215	coll. Edlauer	PRESERVED SPECIMEN	12/12/2022		Österreich, Oberösterreich, Hallstadt		75000-E10215	Dr. Rochhart			
Cochlostoma septemspiralis	13367	coll. Dr. Leo Ruznov	PRESERVED SPECIMEN	12/12/2022		Österreich, Oberösterreich, Gmunden		13367	Dr. C. Brunner			
Cochlostoma septemspirale	13368	coll. Dr. Leo Ruznov	PRESERVED SPECIMEN	12/12/2022		Österreich, Steiermark		13368				
Cochlostoma septemspirale	75000-E4958	coll. Edlauer	PRESERVED SPECIMEN	12/12/2022		Österreich, Oberösterreich, Kastenreuth, Felswand an der Eisenbahnstation		75000-E4958		1930		
Cochlostoma septemspirale	75000-E5206	coll. Edlauer	PRESERVED SPECIMEN	12/12/2022		Österreich, Oberösterreich, Brunnbach, Hetzgraben		75000-E5206		1930		
Cochlostoma septemspirale	75000-E7551	coll. Edlauer	PRESERVED SPECIMEN	12/12/2022		Österreich, Oberösterreich, Weyer, Gamsköserl, Kalkfelsen an der Enns		75000-E7551	Ganslmayr			
Cochlostoma septemspiralis	75000-E8730	coll. Edlauer	PRESERVED SPECIMEN	12/12/2022		Österreich, Oberösterreich, Wels, Kathengraben an der Kremsmünsterer Straße		75000-E8730	Rochhart			
Cochlostoma septemspirale	75000-E14494	coll. Edlauer	PRESERVED SPECIMEN	12/12/2022		Österreich, Steiermark, Grimmingmassiv; Pürg, Anfang des Fußweges nach Steinach		75000-E14494	B.E. Sauer			
Cochlostoma septemspirale	75000-E17948	coll. Edlauer	PRESERVED SPECIMEN	12/12/2022		Österreich, Steiermark, Karawanken, Bärengraben bei Rosenbach 		75000-E17948	Klemm			
Cochlostoma septemspirale	75000-E17954	coll. Edlauer	PRESERVED SPECIMEN	12/12/2022		Österreich, Steiermark, Karawanken, Rosenbacher Schweiz 		75000-E17954	Klemm			
Cochlostoma septemspirale	75000-E17958	coll. Edlauer	PRESERVED SPECIMEN	12/12/2022		Österreich, Steiermark, Karawanken, Rosenbach, Talstraße 		75000-E17958	Klemm			
Cochlostoma septemspirale	75000-E17964	coll. Edlauer	PRESERVED SPECIMEN	12/12/2022		Österreich, Steiermark, Karawanken, Ardeschützenklamm bei Rosenbach		75000-E17964	Klemm			
Cochlostoma septemspirale	75000-E17967	coll. Edlauer	PRESERVED SPECIMEN	12/12/2022		Österreich, Kärnten, Warmbad Villach, Napoleonwiese		75000-E17967	Strouhal			
Cochlostoma septemspirale	75000-E28740	coll. Edlauer	PRESERVED SPECIMEN	12/12/2022		Österreich, Kärnten, Karnische Alpen, Mauthen im Gailtal		75000-E28740	Klemm			
Cochlostoma septemspirale	75000-E28742	coll. Edlauer	PRESERVED SPECIMEN	12/12/2022		Österreich, Kärnten, Karnische Alpen, Plöckenpass		75000-E28742	Klemm			
Cochlostoma septemspirale	75000-E28743	coll. Edlauer	PRESERVED SPECIMEN	12/12/2022		Österreich, Steiermark, Karawanken, Rosenbach, Straße an der Rohrleitung		75000-E28743	Klemm			
Cochlostoma septemspirale	75000-E29889	coll. Edlauer	PRESERVED SPECIMEN	12/12/2022		Österreich, Oberösterreich, Steyr		75000-E29889	Oberwimmer			
Cochlostoma septemspirale	75000-E30008	coll. Edlauer	PRESERVED SPECIMEN	12/12/2022		Österreich, Oberösterreich, Langwies bei Ebensee		75000-E30008	Schuster	06.1976		
Cochlostoma septemspirale	75000-E30286	coll. Edlauer	PRESERVED SPECIMEN	12/12/2022		Österreich, Öberösterreich, Höllengebirge, Weissenbach a.A., Nikoloweg am Schobersteinhang		75000-E30286				
Cochlostoma septemspirale	75000-E30313	coll. Edlauer	PRESERVED SPECIMEN	12/12/2022		Österreich, Öberösterreich, Höllengebirge, Schobersteinanstieg von Weissenbach am Attersee		75000-E30313				
Cochlostoma septemspirale	75000-E30334	coll. Edlauer	PRESERVED SPECIMEN	12/12/2022		Österreich, Oberösterreich, Weissenbach a.A., Schobersteinabhang zum See, Straßenmauer		75000-E30334				
Cochlostoma septemspirale	75000-E30357	coll. Edlauer	PRESERVED SPECIMEN	12/12/2022		Österreich, Öberösterreich, Höllengebirge, Schoberstein, Felsspalten der obersten Felspartien		75000-E30357				
Cochlostoma septemspirale	75000-E30400	coll. Edlauer	PRESERVED SPECIMEN	12/12/2022		Österreich, Öberösterreich, Höllengebirge, Weissenbach am Attersee, Schobersteinabhang an der Ischlerstraße		75000-E30400				
Cochlostoma septemspirale	75000-E30406	coll. Edlauer	PRESERVED SPECIMEN	12/12/2022		Österreich, Öberösterreich, Höllengebirge, Schoberstein, oberste Felsen		75000-E30406				
Cochlostoma septemspirale	75000-E30414	coll. Edlauer	PRESERVED SPECIMEN	12/12/2022		Österreich, Oberösterreich, Höllengebirge, Schoberstein, oberste Felspartien		75000-E30414				
Cochlostoma septemspirale	75000-E30421	coll. Edlauer	PRESERVED SPECIMEN	12/12/2022		Österreich, Oberösterreich, Höllengebirge, Schobersteinanstieg von Weissenbach am Attersee aus		75000-E30421				
Cochlostoma septemspirale	75000-E30841	coll. Edlauer	PRESERVED SPECIMEN	12/12/2022		Österreich, Kärnten, Glanfurt, im Genist der Sümpfe 		75000-E30841	A. Fuchs			
Cochlostoma septemspirale	75000-E30880	coll. Edlauer	PRESERVED SPECIMEN	12/12/2022		Österreich, Oberösterreich, Schafbergmassiv, Felswandfuß oberhalb des Steinkar über der Straße Scharfling-Oberburgau		75000-E30880		1945		
Cochlostoma septemspirale	75000-E32757	coll. Edlauer	PRESERVED SPECIMEN	12/12/2022		Österreich, Kärnten, Warmbad Villach, Tscheltschnig Kogel		75000-E32757	Strouhal			
Cochlostoma septemspirale	75000-E32758	coll. Edlauer	PRESERVED SPECIMEN	12/12/2022		Österreich, Oberösterreich, Steyr an der Enns		75000-E32758	A. Fuchs			
Cochlostoma septemspirale	75000-E32759	coll. Edlauer	PRESERVED SPECIMEN	12/12/2022		Österreich, Oberösterreich, Grünburg an der Steyr		75000-E32759	A. Fuchs			
Cochlostoma septemspirale	75000-E33209	coll. Edlauer	PRESERVED SPECIMEN	12/12/2022		Österreich, Karawanken, Stouhütte - Klagenfurterhütte		75000-E33209	A. Fuchs			
Cochlostoma septemspirale	75000-E33210		PRESERVED SPECIMEN	12/12/2022		Österreich, Kärnten, Loibltal zwischen Unterloibl und Wh. Deutscher Peter		75000-E33210	A. Fuchs			
Cochlostoma septemspirale	75000-E33213		PRESERVED SPECIMEN	12/12/2022		Österreich, Kärnten, Lobnigtal nordöstlich von Eisenkappel		75000-E33213				
Cochlostoma septemspirale	75000-E33217		PRESERVED SPECIMEN	12/12/2022		Österreich, Kärnten, Gailtal, Ruine Kühnburg		75000-E33217	A. Fuchs			
Cochlostoma septemspirale	75000-E33219		PRESERVED SPECIMEN	12/12/2022		Österreich, Steiermark, Palfau 		75000-E33219	A. Fuchs			
Cochlostoma septemspirale	75000-E33230		PRESERVED SPECIMEN	12/12/2022		Österreich, Kärnten, SW-Hang des Oistra bei Eisenkappel; Raibler Schichten		75000-E33230	A. Fuchs			
Cochlostoma septemspirale	75000-E33233		PRESERVED SPECIMEN	12/12/2022		Österreich, Steiermark, Weichselboden 		75000-E33233	Käufel			
Cochlostoma septemspirale	75000-E33235		PRESERVED SPECIMEN	12/12/2022		Österreich, Niederösterreich, Melk, Donaugenist bei Schönbühel 		75000-E33235	A. Fuchs			
Cochlostoma septemspirale	75000-E33236		PRESERVED SPECIMEN	12/12/2022		Österreich, Niederösterreich, Ramingdorf bei Haidershofen an der Enns		75000-E33236	A. Fuchs			
Cochlostoma septemspirale	75000-E33365		PRESERVED SPECIMEN	12/12/2022		Österreich, Karawanken, Feistritz im Rasental, Stouhütte 		75000-E33365	A. Fuchs			
Eupomatia septemspiralis	75000-E33371	coll. Fuchs	PRESERVED SPECIMEN	12/12/2022		Österreich, Kärnten, Klamm zwischen Eisenkappel und Rechberg		75000-E33371	Prof. Scheerpeltz			
Cochlostoma septemspirale	75000-E33372	coll. Fuchs	PRESERVED SPECIMEN	12/12/2022		Österreich, Karawanken, Zavrsnica am Südfuß des Stol 		75000-E33372	Käufel			
Cochlostoma septemspirale	75000-E33397	coll. Fuchs	PRESERVED SPECIMEN	12/12/2022		Österreich, Oberösterreich, Windischgarsten, Kalvarienberg		75000-E33397				
Cochlostoma septemspirale	75000-E33403	coll. Fuchs	PRESERVED SPECIMEN	12/12/2022		Österreich, Kärnten, Eisenkappel, Felsen zwischen Remschniggraben und dem Hammerwerk an der Vellacher Straße 		75000-E33403				
Cochlostoma septemspirale	75000-E33414	coll. Fuchs	PRESERVED SPECIMEN	12/12/2022		Österreich, Kärnten, Kupnitzklamm bei Eisenkappel		75000-E33414	Scheerpeltz			
Cochlostoma septemspirale	75000-E33418		PRESERVED SPECIMEN	12/12/2022		Österreich, Kärnten, Rosenbach, Talstraße		75000-E33418	Klemm			
Cochlostoma septemspirale	75000-E36291		PRESERVED SPECIMEN	12/12/2022		Österreich, Oberösterreich, Breitenau bei Molln, Waldhang zur Krummen Steyerling		75000-E36291	Ing. v.Fritsch			
Cochlostoma septemspirale	75000-E36650		PRESERVED SPECIMEN	12/12/2022		Österreich, Westkarawanken, Ruine Finkenstein bei Mallestig		75000-E36650	Ing. v.Fritsch			
Cochlostoma septemspirale	75000-E37466		PRESERVED SPECIMEN	12/12/2022		Österreich, Oberösterreich, Steyr		75000-E37466	A. Fuchs			
Cochlostoma septemspirale	75000-E37502		PRESERVED SPECIMEN	12/12/2022		Österreich, Oberösterreich, Hinterstoder		75000-E37502	A. Fuchs			
Cochlostoma septemspirale	75000-E37553		PRESERVED SPECIMEN	12/12/2022		Österreich, Oberösterreich, Losenstein bei Goisern		75000-E37553	Ganslmayr			
Cochlostoma septemspirale	75000-E37559		PRESERVED SPECIMEN	12/12/2022		Österreich, Oberösterreich, Weyer an der Enns, Rettenstein		75000-E37559	Ganslmayr			
Cochlostoma septemspirale	75000-E37561		PRESERVED SPECIMEN	12/12/2022		Österreich, Oberösterreich, Weyer an der Enns, Ennsberg		75000-E37561	Ganslmayr			
Cochlostoma septemspirale	75000-E37562		PRESERVED SPECIMEN	12/12/2022		Österreich, Oberösterreich, Weyer an der Enns, Hoferkeller		75000-E37562	Ganslmayr			
Cochlostoma septemspirale	75000-E37563		PRESERVED SPECIMEN	12/12/2022		Österreich, Oberösterreich, Weyer an der Enns, Gablenzgenist		75000-E37563	Ganslmayr			
Cochlostoma septemspirale	75000-E37564		PRESERVED SPECIMEN	12/12/2022		Österreich, Oberösterreich, Weyer an der Enns, Staudeck		75000-E37564	Ganslmayr			
Cochlostoma septemspirale	75000-E37565		PRESERVED SPECIMEN	12/12/2022		Österreich, Oberösterreich, Weyer an der Enns, Gasselsgraben		75000-E37565	Ganslmayr			
Cochlostoma septemspirale	75000-E37566		PRESERVED SPECIMEN	12/12/2022		Österreich, Oberösterreich, Weyer an der Enns, Gamskögerl		75000-E37566	Ganslmayr			
Cochlostoma septemspirale	75000-E37567		PRESERVED SPECIMEN	12/12/2022		Österreich, Oberösterreich, Weyer an der Enns, Rotmäuer		75000-E37567	Ganslmayr			
Cochlostoma septemspirale	75000-E37577		PRESERVED SPECIMEN	12/12/2022		Österreich, Oberösterreich, Weyer an der Enns, Pfaffenstein		75000-E37577	Ganslmayr			
Cochlostoma septemspirale	75000-E38903		PRESERVED SPECIMEN	12/12/2022		Österreich, Oberösterreich, Umgebung Weyer, NW-Hang der Stubau zum Innbach		75000-E38903	Ing. v.Fritsch			
Cochlostoma septemspirale	75000-E39175		PRESERVED SPECIMEN	12/12/2022		Österreich, Oberösterreich, Umgebung Weyer, Aufstieg zum Stubau-Gipfel, Buchen-Tannenwald, Bachnähe		75000-E39175	Franz			
Cochlostoma septemspirale	75000-E39353		PRESERVED SPECIMEN	12/12/2022		Österreich, Obersteiermark, Wörschach, Eingang zur Klamm, Buchenfalllaub		75000-E39353	Franz			
Cochlostoma septemspirale	75000-E39496		PRESERVED SPECIMEN	12/12/2022		Österreich, Oberösterreich, Windischgarsten, Sprangriegler bei d. Alm, unter Steinen		75000-E39496	Franz	1.6.1944		
Cochlostoma septemspirale	75000-E39839		PRESERVED SPECIMEN	12/12/2022		Österreich, Oberösterreich, Windischgarsten gegen Sprangriegler		75000-E39839	Franz	20.5.1945		
Cochlostoma septemspirale	75000-E40059		PRESERVED SPECIMEN	12/12/2022		Österreich, Oberösterreich, Abhang des Schafbergmassivs, Weg Oberburgau-Unterach; Beginn des Weges auf den Schafberg; Mischwald		75000-E40059		1945		
Cochlostoma septemspirale	75000-E40486		PRESERVED SPECIMEN	12/12/2022		Österreich, Oberösterreich, Schafberganstieg, kleine Waldlichtung 150 m oberhalb Oberburgau (Mondsee) auf geschlichtetem Holz		75000-E40486		1949		
Cochlostoma septemspirale	75000-E40520		PRESERVED SPECIMEN	12/12/2022		Österreich, Oberösterreich, Schafbergmassiv, Abhang 300m oberhalb Oberburgau (Mondsee); vegetationsbedeckte Schotterhalde unterhalb des großen Steinkars		75000-E40520		1945		
Cochlostoma septemspirale	75000-E40544		PRESERVED SPECIMEN	12/12/2022		Österreich, Oberösterreich, Schafbergmassiv, Wald am Beginn des Anstiegs von Unterach		75000-E40544		1945		
Cochlostoma septemspirale	75000-E40606		PRESERVED SPECIMEN	12/12/2022		Österreich, Oberösterreich, Schafbergmassiv, Felswandfuß oberhalb des Steinkars über Km 5 der Straße Scharfling-Oberburgau, sonnige Nordlage		75000-E40606		1945		
Cochlostoma septemspirale	75000-E40679		PRESERVED SPECIMEN	12/12/2022		Österreich, Oberösterreich, Schafbergmassiv, Felsenfuß oberhalb Km 4 der Straße Scharfling-Oberburgau		75000-E40679		1945		
Cochlostoma septemspirale	75000-E40744		PRESERVED SPECIMEN	12/12/2022		Österreich, Oberösterreich, Schafbergmassiv, Abhang an der Mühlleiten, SW von Unterach		75000-E40744		1945		
Cochlostoma septemspirale	75000-E40774		PRESERVED SPECIMEN	12/12/2022		Österreich, Oberösterreich, Schafbergmassiv, Hänge unter den Felswänden oberhalb Oberburgau am Mondsee, sonnig, stark bewachsen		75000-E40774		1945		
Cochlostoma septemspirale	75000-E40800		PRESERVED SPECIMEN	12/12/2022		Österreich, Oberösterreich, Schafbergmassiv, Hänge unterhalb der Felswände oberhalb der Mühlleiten, W von Unterach am Attersee		75000-E40800		1945		
Cochlostoma septemspirale	75000-E40847		PRESERVED SPECIMEN	12/12/2022		Österreich, Oberösterreich, Schafbergmassiv, Felsenfuß oberhalb des Steinkars über Km 5 der Straße Scharfling-Oberburgau, schattige Stelle		75000-E40847		1945		
Cochlostoma septemspirale	75000-E40864		PRESERVED SPECIMEN	12/12/2022		Österreich, Oberösterreich, Schafbergmassiv, Felsenfuß oberhalb der Holzriese über Oberburgau		75000-E40864		1945		
Cochlostoma septemspirale	75000-E40940		PRESERVED SPECIMEN	12/14/2022		Österreich, Oberösterreich, Schafbergmassiv, Felsenfuß oberhalb des Steinkars über Km 5 der Straße Scharfling-Oberburgau, Vormittagssonne, Ostlage		75000-E40940		1945		
Cochlostoma septemspirale	75000-E40971		PRESERVED SPECIMEN	12/14/2022		Österreich, Oberösterreich, Schafbergmassiv, O.W. Graben a. Abhang zur Seeache		75000-E40971		1945		
Cochlostoma septemspirale	75000-E40979		PRESERVED SPECIMEN	12/14/2022		Österreich, Oberösterreich, Schafbergmassiv, Abhang zur Seeache, Hochwald am Waldweg, an kleinem Bach		75000-E40979		1945		
Cochlostoma septemspirale	75000-E41109		PRESERVED SPECIMEN	12/14/2022		Österreich, Oberösterreich, Schafbergmassiv, Abhang zum Anfang d. Ischlertals bei Weissenbach am Attersee; Fuß d. Felsen, 300 m oberhalb des Steinbruchs		75000-E41109		1945		
Cochlostoma septemspirale	75000-E41262		PRESERVED SPECIMEN	12/14/2022		Österreich, Nordsteiermark, Umgebung Admont, Lichtmessgraben, Kaiserau		75000-E41262	Franz	26.07.1944		
Cochlostoma septemspirale	75000-E41728		PRESERVED SPECIMEN	12/14/2022		Österreich, Steiermark, Eisenerzer Alpen, Kalte Fölz am Kaiserschild, gegen den Erzbach		75000-E41728	Franz	7.7.1944		
Cochlostoma septemspirale	75000-E43676		PRESERVED SPECIMEN	12/14/2022		Österreich, Oberösterreich, Weyer Umgebung, Westhang des Stubau-Berges; Lok. Angelsbach		75000-E43676	Ing. v.Fritsch	1945		
Cochlostoma septemspiralis	75000-E43707		PRESERVED SPECIMEN	12/14/2022		Österreich, Oberösterreich, "Nach der Enns", Waldbez. 12, Rappelsbach am Rabischbach, NO vom Pfaffenstein		75000-E43707	Ing. v.Fritsch			
Cochlostoma septemspirale	75000-E43716		PRESERVED SPECIMEN	12/14/2022		Österreich, Oberösterreich, "Nach der Enns", Gross-Sautal südl. von Fockenauer Alphaus		75000-E43716	Ing. v.Fritsch			
Cochlostoma septemspirale	75000-E43728		PRESERVED SPECIMEN	12/14/2022		Österreich, Oberösterreich, "Nach der Enns", Waldabt. 12, n.d. Rabischbachunterlaufs östl. von Fockenau		75000-E43728	Ing. v.Fritsch			
Cochlostoma septemspirale	75000-E43746		PRESERVED SPECIMEN	12/14/2022		Österreich, Oberösterreich, rechtes Ennsufer, Klauswald, nördl. von Eslingerbach und von Laufer		75000-E43746	Ing. v.Fritsch			
Cochlostoma septemspirale	75000-E43784		PRESERVED SPECIMEN	12/19/2022		Österreich, Oberösterreich, nördlich von Weyer, "Bargut", nördlich des Stubau-Berges, lehmige Waldstelle mit spärlichem Graswuchs		75000-E43784	Ing. v.Fritsch			
Cochlostoma septemspirale	75000-E43805		PRESERVED SPECIMEN	12/19/2022		Österreich, Oberösterreich, südliche von Weyer, Rappelsbach (Rabischbach), Revier Schifflend, Topschiefer, etwas Kalkfels		75000-E43805	Ing. v.Fritsch			
Cochlostoma septemspirale	75000-E44958		PRESERVED SPECIMEN	12/19/2022		Österreich, Oberösterreich, Weyer Umgebung, Waldhütte Wasserkopf		75000-E44958	Ing. v.Fritsch			
Cochlostoma septemspirale	75000-E496227		PRESERVED SPECIMEN	12/19/2022		Österreich, Oberösterreich, Sierninghofen bei Steyr		75000-E496227				
Cochlostoma septemspirale	75000-E47962		PRESERVED SPECIMEN	12/19/2022		Österreich, Kärnten, Dobratschanstieg von Heiligengeist		75000-E47962	P. Sauer			
Cochlostoma septemspirale	75000-E53656		PRESERVED SPECIMEN	12/19/2022		Österreich, Oberösterreich, Windischgarsten, Redtenbachgraben Richtung Hoher Nock, Erika-Haide, sehr sonnig		75000-E53656				
Cochlostoma septemspirale	75000-E54658		PRESERVED SPECIMEN	12/19/2022		Österreich, Oberösterreich, Oberes Ennstal, sonnige Hänge zwischen Stainach und Pürgg		75000-E54658	Franz	23.5.1943		
Cochlostoma septemspirale	75000-E58320		PRESERVED SPECIMEN	12/19/2022		Österreich, Kärnten, Dobratschfuß bei Kaserinhütte		75000-E58320	M. Dimmel	1954		
Cochlostoma septemspirale	75000-E58321		PRESERVED SPECIMEN	12/19/2022		Österreich, Kärnten, Möltschach, steinige Wiese am Dobratschfuß		75000-E58321	M. Dimmel	1954		
Cochlostoma septemspirale	75000-E58369		PRESERVED SPECIMEN	12/19/2022		Österreich, Oberösterreich, Sengsengebirge, Bachgenist unterhalb der Feuchtau		75000-E58369	M. Dimmel	1954		
Cochlostoma septemspirale	4056	Coll. Walter Klemm	PRESERVED SPECIMEN	12/19/2022		Österreich, Oberösterreich, Obertraun, Weg zu den Eishöhlen		4056	Waringer	8.1936		