SCIENTIFIC NAME	PHISICAL SPECIMEN ID	ORGANIZATION	SPECIMEN TYPE	MODIFIED	LICENSE	LOCATION QUALITATIVE [QUANTITATIVE]	GEOLOGICAL AGE	COLLECTING NUMBER	COLLECTING AGENT	DATE COLLECTED	TYPE STATUS (Optional)	MEDIA
Cochlostoma septemspirale (Razoumowsky, 1789)	49955	NHM Vienna	PRESERVED SPECIMEN	10/18/2022		Schweiz, Kanton Vaud, Straße Chamby-souzier, oberhalb Vevey am Genfer See			Thaler	25.3.1962		
Cochlostoma septemspirale (Razoumowsky, 1789)	49959	NHM Vienna	PRESERVED SPECIMEN	10/18/2022		Schweiz, Kanton Vaud, Montreux - Les Planches			Thaler	9.9.1961		
Cochlostoma septemspirale (Razoumowsky, 1789)	64078	NHM Vienna	PRESERVED SPECIMEN	10/18/2022		Schweiz, Schweizer Jura, Delement			Seidl	22.5.1971		
Cochlostoma septemspirale (Razoumowsky, 1789)	49985	NHM Vienna	PRESERVED SPECIMEN	10/18/2022		Schweiz, Kanton Vaud, Gorges du Chauderon bei Montreux			Thaler	5.1962		
Cochlostoma septemspirale (Razoumowsky, 1789)	49967	NHM Vienna	PRESERVED SPECIMEN	10/18/2022		Schweiz, Kanton Vaud, Weg von Veytaux nach Chillon, bei Montreux			Thaler	4/5.1962		
Cochlostoma septemspirale (Razoumowsky, 1789)	49982	NHM Vienna	PRESERVED SPECIMEN	10/18/2022		Frankreich, Dep. Doubs, Soucre du Lizon bei Nans-sous-Sainte-Anne			Thaler	19.5.1962		
Cochlostoma septemspirale (Razoumowsky, 1789)	45686	NHM Vienna	PRESERVED SPECIMEN	10/18/2022		Frankreich, Dep. Gard, Pont du Gard				17.3.1961		
Cochlostoma septemspirale (Razoumowsky, 1789)	69393	NHM Vienna	PRESERVED SPECIMEN	10/18/2022		Frankreich, Lyon						
Cochlostoma septemspirale (Razoumowsky, 1789)	7767	NHM Vienna	PRESERVED SPECIMEN	10/18/2022		Frankreich, Arcy-sur-Cure, nördl. Avallon			Klemm	3.1941		
Cochlostoma septemspirale (Razoumowsky, 1789)	7601	NHM Vienna	PRESERVED SPECIMEN	10/18/2022		Frankreich, Dep. Vasqes, Neufchateau nw von Nancy			Klemm	2.1941		
Cochlostoma septemspirale (Razoumowsky, 1789)	45704	NHM Vienna	PRESERVED SPECIMEN	10/18/2022		Frankreich, Dep. Gard, Macchia an der Straße zum Pont du Gard				17.3.1961		
Cochlostoma septemspirale (Razoumowsky, 1789)	29059	NHM Vienna	PRESERVED SPECIMEN	10/18/2022		Schweiz, Montreux - Glion			Blume			
Cochlostoma septemspirale (Razoumowsky, 1789)	47212	NHM Vienna	PRESERVED SPECIMEN	10/18/2022		Deutschland, Niederbayern, Kelheim			Klemm	8.4.1962		
Cochlostoma septemspirale (Razoumowsky, 1789)	29818	NHM Vienna	PRESERVED SPECIMEN	10/18/2022		Deutschland, Bayern, Schellenberg			Barthelmes	2.7.1951		
Cochlostoma septemspirale (Razoumowsky, 1789)	58529	NHM Vienna	PRESERVED SPECIMEN	10/18/2022		Deutschland, Niederbayern, Kelheim			Paget	8.4.1962		
Cochlostoma septemspirale (Razoumowsky, 1789)	15187	NHM Vienna	PRESERVED SPECIMEN	10/18/2022		Österreich, Tirol, Kitzbühel						
Cochlostoma septemspirale (Razoumowsky, 1789)	33376	NHM Vienna	PRESERVED SPECIMEN	10/18/2022		Deutschland, Bayern, Schellenberg bei Berchtesgaden			Häßlein	21.7.1927		
Cochlostoma septemspirale (Razoumowsky, 1789)	48274	NHM Vienna	PRESERVED SPECIMEN	10/18/2022		Deutschland, Niederbayern, Kelheim, unterhalb der Befreiungshalle			Fauer	22.5.1960		
Cochlostoma septemspirale (Razoumowsky, 1789)	56021	NHM Vienna	PRESERVED SPECIMEN	10/18/2022		Österreich, Tirol, Stubaital, Neustift						
Cochlostoma septemspirale (Razoumowsky, 1789)	47198	NHM Vienna	PRESERVED SPECIMEN	10/18/2022		Deutschland, Niederbayern, Neuessing bei Kelheim			Klemm	8.4.1962		
Cochlostoma septemspirale (Razoumowsky, 1789)	47200	NHM Vienna	PRESERVED SPECIMEN	10/18/2022		Deutschland, Niederbayern, zwischen Neuessing und Kelheim			Fauer	8.4.1962		
Cochlostoma septemspirale (Razoumowsky, 1789)	44079	NHM Vienna	PRESERVED SPECIMEN	10/18/2022		Deutschland, Niederbayern, Kelheim, Weltenburg an der Donau			Fauer	24.5.1960		
Cochlostoma septemspirale (Razoumowsky, 1789)	51141	NHM Vienna	PRESERVED SPECIMEN	10/18/2022		Deutschland, Niederbayern, Kelheim, Befreiungshalle			Fauer	3.6,1964		
Cochlostoma septemspirale (Razoumowsky, 1789)	32720	NHM Vienna	PRESERVED SPECIMEN	10/18/2022		Deutschland, Bayern, Füssener Alpe						
Cochlostoma septemspirale (Razoumowsky, 1789)	48855	NHM Vienna	PRESERVED SPECIMEN	10/18/2022		Deutschland, Elsass, Mühlhausen						
Cochlostoma septemspirale (Razoumowsky, 1789)	44071	NHM Vienna	PRESERVED SPECIMEN	10/18/2022		Deutschland, Niederbayern, Kelheim, Jugendherberge			Fauer	23.5.1960		
Cochlostoma septemspirale (Razoumowsky, 1789)	57796	NHM Vienna	PRESERVED SPECIMEN	10/18/2022		Österreich, Salzburg, Scharfling			Strouhal	11.7.1961		
Cochlostoma septemspirale (Razoumowsky, 1789)	60209	NHM Vienna	PRESERVED SPECIMEN	10/18/2022		Österreich, Salzburg, Festungsberg			Sperling	9.1969		
Cochlostoma septemspirale (Razoumowsky, 1789)	24557	NHM Vienna	PRESERVED SPECIMEN	10/18/2022		Österreich, Salzburg, Festungsberg			Klemm	6.7.1946		
Cochlostoma septemspirale (Razoumowsky, 1789)	23576	NHM Vienna	PRESERVED SPECIMEN	10/18/2022		Österreich, Salzburg, Geisberg			Klemm	13.1.1946		
Cochlostoma septemspirale (Razoumowsky, 1789)	57909	NHM Vienna	PRESERVED SPECIMEN	10/18/2022		Österreich, Salzburg, Klkausbachgraben bei Glasenbach			Strouhal	17.7.1963		
Cochlostoma septemspirale (Razoumowsky, 1789)	23488	NHM Vienna	PRESERVED SPECIMEN	10/18/2022		Österreich, Salzburg, Kuhberg			Klemm	20.12.1945		
Cochlostoma septemspirale (Razoumowsky, 1789)	34602	NHM Vienna	PRESERVED SPECIMEN	10/18/2022		Österreich, Salzburg, Glasenbachklamm			Klemm	29.7.1946		
Cochlostoma septemspirale (Razoumowsky, 1789)	48803	NHM Vienna	PRESERVED SPECIMEN	10/18/2022		Österreich, Salzburg, Kühberg			Mahler	21.7.1939		
Cochlostoma septemspirale (Razoumowsky, 1789)	5574	NHM Vienna	PRESERVED SPECIMEN	10/18/2022		Österreich, Salzburg, Gersberg			Mell	9.1936		
Cochlostoma septemspirale (Razoumowsky, 1789)	25882	NHM Vienna	PRESERVED SPECIMEN	10/18/2022		Österreich, Salzburg, Spumberg bei Adnet			Klemm	21.7.1941		
Cochlostoma septemspirale (Razoumowsky, 1789)	48801	NHM Vienna	PRESERVED SPECIMEN	10/18/2022		Österreich, Salzburg, Aigen			Mahler	23.7.1939		
Cochlostoma septemspirale (Razoumowsky, 1789)	50855	NHM Vienna	PRESERVED SPECIMEN	10/18/2022		Österreich, Salzburg, Unkelbachgraben, Weissenbachtal bei Strobl			Klemm	3.9.1964		
Cochlostoma septemspirale (Razoumowsky, 1789)	23284	NHM Vienna	PRESERVED SPECIMEN	10/18/2022		Österreich, Salzburg, Kapuzinerberg Süd			Klemm	29.10.1945		
Cochlostoma septemspirale (Razoumowsky, 1789)	25286	NHM Vienna	PRESERVED SPECIMEN	10/18/2022		Österreich, Salzburg, Adnet			Klemm	22.11.1946		
Cochlostoma septemspirale (Razoumowsky, 1789)	57862	NHM Vienna	PRESERVED SPECIMEN	10/18/2022		Österreich, Salzburg, Wiestal bei Hallein			Strouhal	29.6.1963		
Cochlostoma septemspirale (Razoumowsky, 1789)	50840	NHM Vienna	PRESERVED SPECIMEN	10/18/2022		Österreich, Salzburg, Weissenbachtal bei Strobl			Klemm	3.9.1964		
Cochlostoma septemspirale (Razoumowsky, 1789)	23312	NHM Vienna	PRESERVED SPECIMEN	10/18/2022		Österreich, Salzburg, Kapuzinerberg Nord			Klemm	3.11.1945		
Cochlostoma septemspirale (Razoumowsky, 1789)	60222	NHM Vienna	PRESERVED SPECIMEN	10/18/2022		Österreich, Salzburg, Strobl			Klemm	3.1953		
Cochlostoma septemspirale (Razoumowsky, 1789)	50860	NHM Vienna	PRESERVED SPECIMEN	10/18/2022		Österreich, Salzburg, Weissenbachtal bei Strobl, 1. Straßenfelsen			Klemm	3.9.1964		
Cochlostoma septemspirale (Razoumowsky, 1789)	48807	NHM Vienna	PRESERVED SPECIMEN	10/18/2022		Österreich, Salzburg, Monikapforte			Mahler	8.1940		
Cochlostoma septemspirale (Razoumowsky, 1789)	48797	NHM Vienna	PRESERVED SPECIMEN	10/18/2022		Österreich, Salzburg, Parsch			Mahler	17.7.1938		
Cochlostoma septemspirale (Razoumowsky, 1789)	69068	NHM Vienna	PRESERVED SPECIMEN	10/18/2022		Österreich, Salzburg, Gartenau			Klemm	17.8.1975		
Cochlostoma septemspirale (Razoumowsky, 1789)	27278	NHM Vienna	PRESERVED SPECIMEN	10/18/2022		Österreich, Salzburg, Eugendorf Bahnhof			Klemm	29.6.1948		
Cochlostoma septemspirale (Razoumowsky, 1789)	29713	NHM Vienna	PRESERVED SPECIMEN	10/18/2022		Österreich, Salzburg, Trockene Klammen bei Elsbethen			Klemm	7.10.1951		
Cochlostoma septemspirale (Razoumowsky, 1789)	25874	NHM Vienna	PRESERVED SPECIMEN	10/18/2022		Österreich, Salzburg, um das Gadorten-Moos bei Adnet			Klemm	4.7.1947		
Cochlostoma septemspirale (Razoumowsky, 1789)	42439	NHM Vienna	PRESERVED SPECIMEN	10/18/2022		Österreich, Salzburg			Klemm	1935		
Cochlostoma septemspirale (Razoumowsky, 1789)	27307	NHM Vienna	PRESERVED SPECIMEN	10/18/2022		Österreich, Salzburg, Marmorbrücke über Adnet			Klemm	17.7.1948		
Cochlostoma septemspirale (Razoumowsky, 1789)	27297	NHM Vienna	PRESERVED SPECIMEN	10/18/2022		Österreich, Salzburg, Tunnel auf der Straße nach Adnet			Klemm	17.7.1948		
Cochlostoma septemspirale (Razoumowsky, 1789)	26920	NHM Vienna	PRESERVED SPECIMEN	10/18/2022		Österreich, Salzburg, Fischachgenist bei Hallwang			Klemm	26.6.1948		
Cochlostoma septemspirale (Razoumowsky, 1789)	23017	NHM Vienna	PRESERVED SPECIMEN	10/18/2022		Österreich, Salzburg, Mönchsbergplateau			Klemm	30.8.1945		
Cochlostoma septemspirale (Razoumowsky, 1789)	24978	NHM Vienna	PRESERVED SPECIMEN	10/18/2022		Österreich, Salzburg, Pass Lueg			Mahler	5.10.1946		
Cochlostoma septemspirale (Razoumowsky, 1789)	25227	NHM Vienna	PRESERVED SPECIMEN	10/18/2022		Österreich, Salzburg, Glasenbachklamm, 2. südlicher Quergraben			Klemm	21.10.1946		
Cochlostoma septemspirale (Razoumowsky, 1789)	25774	NHM Vienna	PRESERVED SPECIMEN	10/18/2022		Österreich, Salzburg, Nonnberg			Klemm	10.1945		
Cochlostoma septemspirale (Razoumowsky, 1789)	23239	NHM Vienna	PRESERVED SPECIMEN	10/18/2022		Österreich, Salzburg, Krottensee-Genist bei St. Gilgen			Klemm	22.10.1945		
Cochlostoma septemspirale (Razoumowsky, 1789)	23431	NHM Vienna	PRESERVED SPECIMEN	10/18/2022		Österreich, Salzburg, Mönchsberg Süd			Klemm	6.11.1945		
Cochlostoma septemspirale (Razoumowsky, 1789)	50862	NHM Vienna	PRESERVED SPECIMEN	10/18/2022		Österreich, Salzburg, Unkelbahgraben, Nock Südhang, Weissenbachtal			Klemm	3.9.1964		
Cochlostoma septemspirale (Razoumowsky, 1789)	48794	NHM Vienna	PRESERVED SPECIMEN	10/18/2022		Österreich, Salzburg, Glasenbachklamm			Mahler	2.8.1929		
Cochlostoma septemspirale (Razoumowsky, 1789)	26619	NHM Vienna	PRESERVED SPECIMEN	10/18/2022		Österreich, Salzburg, Fischachgenist bei Eugendorf			Klemm	18.8.1948		
Cochlostoma septemspirale (Razoumowsky, 1789)	24171	NHM Vienna	PRESERVED SPECIMEN	10/18/2022		Österreich, Salzburg, Eugendorf oberhalb der Westbahn-Station			Klemm	15.5.1946		
Cochlostoma septemspirale (Razoumowsky, 1789)	29573	NHM Vienna	PRESERVED SPECIMEN	10/18/2022		Österreich, Salzburg, Falkensteinwand am Wolfgangsee			Klemm	11.6.1951		
Cochlostoma septemspirale (Razoumowsky, 1789)	23626	NHM Vienna	PRESERVED SPECIMEN	10/24/2022		Österreich, Salzburg, Golling, Kirchhügel			Klemm	11.3.1946		
Cochlostoma septemspirale (Razoumowsky, 1789)	23219	NHM Vienna	PRESERVED SPECIMEN	10/24/2022		Österreich, Salzburg, Scharfling, Felsen beim Bahnhof			Klemm	22.10.1945		
Cochlostoma septemspirale (Razoumowsky, 1789)	17289	NHM Vienna	PRESERVED SPECIMEN	10/24/2022		Österreich, Salzburg, Hallein, Burgfried			Klemm	17.17.1948		
Cochlostoma septemspirale (Razoumowsky, 1789)	23903	NHM Vienna	PRESERVED SPECIMEN	10/24/2022		Österreich, Salzburg, Henndorf			Klemm	20.4.1946		
Cochlostoma septemspirale (Razoumowsky, 1789)	26157	NHM Vienna	PRESERVED SPECIMEN	10/24/2022		Österreich, Salzburg, Kapuzinerberg Süd oberhalb der Arenbergstraße			Klemm	20.9.1947		
Cochlostoma septemspirale (Razoumowsky, 1789)	23741	NHM Vienna	PRESERVED SPECIMEN	10/24/2022		Österreich, Salzburg, Hallein, Bruderloch			Klemm	31.3.1946		
Cochlostoma septemspirale (Razoumowsky, 1789)	26956	NHM Vienna	PRESERVED SPECIMEN	10/24/2022		Österreich, Salzburg, Seekirchen, Straße nach Eugendorf			Klemm	5.6.1948		
Cochlostoma septemspirale (Razoumowsky, 1789)	1123	NHM Vienna	PRESERVED SPECIMEN	10/24/2022		Österreich, Salzburg, Schober bei Fuschl			Klemm	8.1929		
Cochlostoma septemspirale (Razoumowsky, 1789)	69164	NHM Vienna	PRESERVED SPECIMEN	10/24/2022		Österreich, Salzburg, Wilhelmswand bei Golling			Sperling	10.1975		
Cochlostoma septemspirale (Razoumowsky, 1789)	29041	NHM Vienna	PRESERVED SPECIMEN	10/24/2022		Österreich, Salzburg, Strobl, am Fuß des Brustwandkogels			Klemm	8.9.1950		
Cochlostoma septemspirale (Razoumowsky, 1789)	57906	NHM Vienna	PRESERVED SPECIMEN	10/24/2022		Österreich, Salzburg, Hinterwinkl bei Ebenau			Strouhal	17.71963		
Cochlostoma septemspirale (Razoumowsky, 1789)	25082	NHM Vienna	PRESERVED SPECIMEN	10/24/2022		Österreich, Salzburg, Golling, Salzachgenist			Mahler	13.10.1946		
Cochlostoma septemspirale (Razoumowsky, 1789)	23688	NHM Vienna	PRESERVED SPECIMEN	10/24/2022		Österreich, Salzburg, Wallersee Südufer, Genist			Klemm	23.3.1946		
Cochlostoma septemspirale (Razoumowsky, 1789)	23349	NHM Vienna	PRESERVED SPECIMEN	10/24/2022		Österreich, Salzburg, Maria Plain bei Salzburg, Nordhang			Klemm	5.11.1945		
Cochlostoma septemspirale (Razoumowsky, 1789)	52246	NHM Vienna	PRESERVED SPECIMEN	10/24/2022		Österreich, Salzburg, Pass Lueg			Seidl	17.6.1965		
Cochlostoma septemspirale (Razoumowsky, 1789)	1122	NHM Vienna	PRESERVED SPECIMEN	10/24/2022		Österreich, Salzburg, Fuschl, am Fuschlsee			Klemm	8.1929		
Cochlostoma septemspirale (Razoumowsky, 1789)	53402	NHM Vienna	PRESERVED SPECIMEN	10/24/2022		Österreich, Salzburg, am Alterbach bei Guggenthal			Klemm	2.9.1966		
Cochlostoma septemspirale (Razoumowsky, 1789)	24549	NHM Vienna	PRESERVED SPECIMEN	10/24/2022		Österreich, Salzburg, Mönchsberg, Plateau			Klemm	6.7.1946		
Cochlostoma septemspirale (Razoumowsky, 1789)	61789	NHM Vienna	PRESERVED SPECIMEN	10/24/2022		Österreich, Salzburg, Weißenbachtal bei Strobl			Klemm	15.6.1970		
Cochlostoma septemspirale (Razoumowsky, 1789)	24367	NHM Vienna	PRESERVED SPECIMEN	10/24/2022		Österreich, Salzburg, Nockstein-Gipfel			Klemm	8.6.1946		
Cochlostoma septemspirale (Razoumowsky, 1789)	27284	NHM Vienna	PRESERVED SPECIMEN	10/24/2022		Österreich, Salzburg, Heuberg bei Adnet			Klemm	17.7.1948		
Cochlostoma septemspirale (Razoumowsky, 1789)	25891	NHM Vienna	PRESERVED SPECIMEN	10/24/2022		Österreich, Salzburg, Spumbachgraben bei Adnet			Klemm	21.7.1947		
Cochlostoma septemspirale (Razoumowsky, 1789)	24732	NHM Vienna	PRESERVED SPECIMEN	10/24/2022		Österreich, Salzburg, Eugendorf, Tümpelhang			Klemm	19.9.1946		
Cochlostoma septemspirale (Razoumowsky, 1789)	23841	NHM Vienna	PRESERVED SPECIMEN	10/24/2022		Österreich, Salzburg, Eugendorf, Fischachgenist			Klemm	8.4.1946		
Cochlostoma septemspirale (Razoumowsky, 1789)	15186	NHM Vienna	PRESERVED SPECIMEN	10/24/2022		Österreich, Salzburg, St. Gilgen, Weisswand			Fuchs	15.8.1936		
Cochlostoma septemspirale (Razoumowsky, 1789)	25869	NHM Vienna	PRESERVED SPECIMEN	10/24/2022		Österreich, Salzburg, SO von Waidach bei Adnet			Klemm	21.7.1947		
Cochlostoma septemspirale (Razoumowsky, 1789)	25028	NHM Vienna	PRESERVED SPECIMEN	10/24/2022		Österreich, Salzburg, Imberg			Mahler	10.10.1946		
Cochlostoma septemspirale (Razoumowsky, 1789)	30842	NHM Vienna	PRESERVED SPECIMEN	10/24/2022		Österreich, Salzburg, Heuberg			Klemm	30.5.1952		
Cochlostoma septemspirale (Razoumowsky, 1789)	39414	NHM Vienna	PRESERVED SPECIMEN	10/24/2022		Österreich, Salzburg, Wallerseeufer			Klemm			
Cochlostoma septemspirale (Razoumowsky, 1789)	23537	NHM Vienna	PRESERVED SPECIMEN	10/24/2022		Österreich, Salzburg, Nockstein Nord, Fels			Klemm	13.1.1946		
Cochlostoma septemspirale (Razoumowsky, 1789)	29557	NHM Vienna	PRESERVED SPECIMEN	10/24/2022		Österreich, Salzburg, Krottensee, Genist			Klemm	5.6.1951		
Cochlostoma septemspirale (Razoumowsky, 1789)	24136	NHM Vienna	PRESERVED SPECIMEN	10/24/2022		Österreich, Salzburg, Salzachöfen			Klemm	13.5.1946		
Cochlostoma septemspirale (Razoumowsky, 1789)	23033	NHM Vienna	PRESERVED SPECIMEN	10/24/2022		Österreich, Salzburg, Hallein, Dürnberggraben			Klemm	7.9.1945		
Cochlostoma septemspirale (Razoumowsky, 1789)	1118	NHM Vienna	PRESERVED SPECIMEN	10/24/2022		Österreich, Salzburg, Elmauerstein bei Fuschl			Klemm	8.1929		
Cochlostoma septemspirale (Razoumowsky, 1789)	68091	NHM Vienna	PRESERVED SPECIMEN	10/24/2022		Österreich, Salzburg, Strobl, Strandpromenade			Sperling	21.4.1974		
Cochlostoma septemspirale (Razoumowsky, 1789)	27270	NHM Vienna	PRESERVED SPECIMEN	10/24/2022		Österreich, Salzburg, Bürglstein am Abersee			Klemm	8.5.1948		
Cochlostoma septemspirale (Razoumowsky, 1789)	28469	NHM Vienna	PRESERVED SPECIMEN	10/24/2022		Österreich, Oberösterreich, St. Gilgen, Saurüssel, Seewand			Klemm	5.10.1949		
Cochlostoma septemspirale (Razoumowsky, 1789)	15191	NHM Vienna	PRESERVED SPECIMEN	10/24/2022		Österreich, Oberösterreich, Ebensee, bei der Seilbahn						
Cochlostoma septemspirale (Razoumowsky, 1789)	25817	NHM Vienna	PRESERVED SPECIMEN	10/24/2022		Österreich, Oberösterreich, Scharfling, Pass St. Gilgen			Klemm	23.6.1947		
Cochlostoma septemspirale (Razoumowsky, 1789)	25935	NHM Vienna	PRESERVED SPECIMEN	10/24/2022		Österreich, Oberösterreich, St. Gilgen, Weisswand			Klemm	28.1.1947		
Cochlostoma septemspirale (Razoumowsky, 1789)	54884	NHM Vienna	PRESERVED SPECIMEN	10/24/2022		Österreich, Oberösterreich, Schwarzenbach bei Strobl			Klemm	12.7.1967		
Cochlostoma septemspirale (Razoumowsky, 1789)	50751	NHM Vienna	PRESERVED SPECIMEN	10/24/2022		Österreich, Oberösterreich, Waldbachstrub bei Hallstatt, Felsen beim Schleierfall			Klemm	12.8.1964		
Cochlostoma septemspirale (Razoumowsky, 1789)	49433	NHM Vienna	PRESERVED SPECIMEN	10/24/2022		Österreich, Oberösterreich, Waldbachstrub bei Hallstatt			Klemm	10.9.1963		
Cochlostoma septemspirale (Razoumowsky, 1789)	49477	NHM Vienna	PRESERVED SPECIMEN	10/24/2022		Österreich, Oberösterreich, Bad Ischl, Jainzenberg, Gipfel-Südhang			Klemm	22.9.1963		
Cochlostoma septemspirale (Razoumowsky, 1789)	56472	NHM Vienna	PRESERVED SPECIMEN	10/24/2022		Österreich, Oberösterreich, Bad Ischl, Kaltenbach, alter Damm der Lokalbahn			Klemm	30.8.1968		
Cochlostoma septemspirale (Razoumowsky, 1789)	54898	NHM Vienna	PRESERVED SPECIMEN	10/24/2022		Österreich, Oberösterreich, Burgauklamm am Attersee			Klemm	12.7.1967		
Cochlostoma septemspirale (Razoumowsky, 1789)	47826	NHM Vienna	PRESERVED SPECIMEN	10/24/2022		Österreich, Oberösterreich, Bad Ischl, Schneeröselkogel Südabfall			Klemm	7.8.1962		
Cochlostoma septemspirale (Razoumowsky, 1789)	52047	NHM Vienna	PRESERVED SPECIMEN	10/24/2022		Österreich, Oberösterreich, Bad Ischl, Rettenbachufer			Klemm	9.6.1965		
Cochlostoma septemspirale (Razoumowsky, 1789)	47464	NHM Vienna	PRESERVED SPECIMEN	10/24/2022		Österreich, Oberösterreich, Bad Ischl, Gawanzerstein beim Nussensee			Klemm	12.7.1962		
Cochlostoma septemspirale (Razoumowsky, 1789)	47582	NHM Vienna	PRESERVED SPECIMEN	10/24/2022		Österreich, Oberösterreich, Felsen am Westufer d. Hallstättersees, südl. Steg			Klemm	20.7.1962		
Cochlostoma septemspirale (Razoumowsky, 1789)	48878	NHM Vienna	PRESERVED SPECIMEN	10/24/2022		Österreich, Oberösterreich, Mühlbach bei Steyr, Eingang Zellbauer-Höhle			Ganslm.	6.4.1935		
Cochlostoma septemspirale (Razoumowsky, 1789)	55026	NHM Vienna	PRESERVED SPECIMEN	10/24/2022		Österreich, Oberösterreich, Jainzental, Felsen östl. vom Wasserfall			Klemm	7.6.1967		
Cochlostoma septemspirale (Razoumowsky, 1789)	47611	NHM Vienna	PRESERVED SPECIMEN	10/24/2022		Österreich, Oberösterreich, Höllengebirge, Heumahdgupf			Klemm	21.7.1962		
Cochlostoma septemspirale (Razoumowsky, 1789)	47694	NHM Vienna	PRESERVED SPECIMEN	10/24/2022		Österreich, Oberösterreich, Bad Ischl, Südhang unt. Rettenbachtal, Singereben			Klemm	2.8.1962		
Cochlostoma septemspirale (Razoumowsky, 1789)	57603	NHM Vienna	PRESERVED SPECIMEN	10/24/2022		Österreich, Oberösterreich, Rettenbachtal bei Bad Ischl			Strouhal	1.8.1955		
Cochlostoma septemspirale (Razoumowsky, 1789)	54826	NHM Vienna	PRESERVED SPECIMEN	10/24/2022		Österreich, Oberösterreich, Soleweg ober Hallstatt			Klemm	7/7/1967		
Cochlostoma septemspirale (Razoumowsky, 1789)	65540	NHM Vienna	PRESERVED SPECIMEN	10/24/2022		Österreich, Oberösterreich, Hallstatt, Gangsteig, Klamm				3.8.1973		
Cochlostoma septemspirale (Razoumowsky, 1789)	49254	NHM Vienna	PRESERVED SPECIMEN	10/24/2022		Österreich, Oberösterreich, Soleweg Gosaumühle - Steeg			Klemm	4.7.1963		
Cochlostoma septemspirale (Razoumowsky, 1789)	47758	NHM Vienna	PRESERVED SPECIMEN	10/24/2022		Österreich, Oberösterreich, Rauer Koppen, unt. Felswände bei Koppenwinkel			Klemm	10.8.1962		
Cochlostoma septemspirale (Razoumowsky, 1789)	49548	NHM Vienna	PRESERVED SPECIMEN	10/24/2022		Österreich, Oberösterreich, Bad Ischl, Kroissenbachwald			Klemm	12.7.1963		
Cochlostoma septemspirale (Razoumowsky, 1789)	48847	NHM Vienna	PRESERVED SPECIMEN	10/24/2022		Österreich, Oberösterreich, Reichraming			Ganslm.	18.5.1935		
Cochlostoma septemspirale (Razoumowsky, 1789)	47807	NHM Vienna	PRESERVED SPECIMEN	10/24/2022		Österreich, Oberösterreich, Bad Ischl, Kalvarienberg Nord			Klemm	18.3.1962		
Cochlostoma septemspirale (Razoumowsky, 1789)	52180	NHM Vienna	PRESERVED SPECIMEN	10/24/2022		Österreich, Oberösterreich, Hallstatt Nordende			Klemm	16.9.1965		
Cochlostoma septemspirale (Razoumowsky, 1789)	49449	NHM Vienna	PRESERVED SPECIMEN	10/24/2022		Österreich, Oberösterreich, Hallstatt, Schleierfall			Klemm	10.9.1963		
Cochlostoma septemspirale (Razoumowsky, 1789)	49330	NHM Vienna	PRESERVED SPECIMEN	10/24/2022		Österreich, Oberösterreich, Sarstein Westwand			Klemm	2.8.1963		
Cochlostoma septemspirale (Razoumowsky, 1789)	26240	NHM Vienna	PRESERVED SPECIMEN	10/24/2022		Österreich, Oberösterreich, Pürglstein bei Strobl am Abersee, Seefelsen			Klemm	28.10.1947		
Cochlostoma septemspirale (Razoumowsky, 1789)	47965	NHM Vienna	PRESERVED SPECIMEN	10/24/2022		Österreich, Oberösterreich, Ruine Wildenstein bei Bad Ischl			Klemm	6.7.1962		
Cochlostoma septemspirale (Razoumowsky, 1789)	27617	NHM Vienna	PRESERVED SPECIMEN	10/24/2022		Österreich, Oberösterreich, Obertraun			Klemm	4.8.1948		
Cochlostoma septemspirale (Razoumowsky, 1789)	64678	NHM Vienna	PRESERVED SPECIMEN	10/24/2022		Österreich, Oberösterreich, Soleweg Bad Ischl - Lauffen			Klemm	6.9.1972		
Cochlostoma septemspirale (Razoumowsky, 1789)	26211	NHM Vienna	PRESERVED SPECIMEN	10/25/2022		Österreich, Oberösterreich, Pürglstein bei Strobl am Abersee, Waldfelsen			Klemm	28.10.1947		
Cochlostoma septemspirale (Razoumowsky, 1789)	64915	NHM Vienna	PRESERVED SPECIMEN	10/25/2022		Österreich, Oberösterreich, Steyr						
Cochlostoma septemspirale (Razoumowsky, 1789)	47796	NHM Vienna	PRESERVED SPECIMEN	10/25/2022		Österreich, Oberösterreich, Bad Ischl, oberhalb Salzburgerstraße bei Jainzenbrücke			Klemm	17.8.1962		
Cochlostoma septemspirale (Razoumowsky, 1789)	47378	NHM Vienna	PRESERVED SPECIMEN	10/25/2022		Österreich, Oberösterreich, Bad Ischl, Jainzenberg			Klemm	3.7.1962		
Cochlostoma septemspirale (Razoumowsky, 1789)	47709	NHM Vienna	PRESERVED SPECIMEN	10/25/2022		Österreich, Oberösterreich, Bad Ischl, Felshang nördl. Jainzen			Klemm	9.8.1962		
Cochlostoma septemspirale (Razoumowsky, 1789)	27634	NHM Vienna	PRESERVED SPECIMEN	10/25/2022		Österreich, Oberösterreich, Bad Ischl			Klemm	4.8.1948		
Cochlostoma septemspirale (Razoumowsky, 1789)	65529	NHM Vienna	PRESERVED SPECIMEN	10/25/2022		Österreich, Oberösterreich, Hallstatt, Waldbachstrub			Klemm	3.8.1973		
Cochlostoma septemspirale (Razoumowsky, 1789)	49287	NHM Vienna	PRESERVED SPECIMEN	10/25/2022		Österreich, Oberösterreich, Bad Ischl, Rettenbachtal bei Straßentunnel			Klemm	18.7.1963		
Cochlostoma septemspirale (Razoumowsky, 1789)	56279	NHM Vienna	PRESERVED SPECIMEN	10/25/2022		Österreich, Oberösterreich, Traunau östl. Bad Ischl			Klemm	6.6.1968		
Cochlostoma septemspirale (Razoumowsky, 1789)	48818	NHM Vienna	PRESERVED SPECIMEN	10/25/2022		Österreich, Oberösterreich, Steyr, Sandbruch			Ganslm.	5.10.1920		
Cochlostoma septemspirale (Razoumowsky, 1789)	47445	NHM Vienna	PRESERVED SPECIMEN	10/25/2022		Österreich, Oberösterreich, Bad Ischl, Straße von Aigen zum Nussensee			Klemm	12.7.1962		
Cochlostoma septemspirale (Razoumowsky, 1789)	56310	NHM Vienna	PRESERVED SPECIMEN	10/25/2022		Österreich, Oberösterreich, Straßenfelsen zwischen Hallstatt und Gosaumühle			Klemm	30.6.1968		
Cochlostoma septemspirale (Razoumowsky, 1789)	38034	NHM Vienna	PRESERVED SPECIMEN	10/25/2022		Österreich, Oberösterreich, Traunsee, Rindbachtal			Strouhal			
Cochlostoma septemspirale (Razoumowsky, 1789)	49560	NHM Vienna	PRESERVED SPECIMEN	10/25/2022		Österreich, Oberösterreich, Bad Ischl, Rettenbachleiten			Klemm	12.7.1963		
Cochlostoma septemspirale (Razoumowsky, 1789)	47681	NHM Vienna	PRESERVED SPECIMEN	10/25/2022		Österreich, Oberösterreich, Soleweg Gosaumühle - Steeg			Klemm	28.7.1962		
Cochlostoma septemspirale (Razoumowsky, 1789)	47784	NHM Vienna	PRESERVED SPECIMEN	10/25/2022		Österreich, Oberösterreich, Ziemnitzgraben Leonsberg, Südabfall			Klemm	17.8.1962		
Cochlostoma septemspirale (Razoumowsky, 1789)	50927	NHM Vienna	PRESERVED SPECIMEN	10/25/2022		Österreich, Oberösterreich, Ebensee, Löwendenkmal			Klemm	7.9.1964		
Cochlostoma septemspirale (Razoumowsky, 1789)	6289	NHM Vienna	PRESERVED SPECIMEN	10/25/2022		Österreich, Oberösterreich, Kalmberg bei Goisern			Fuchs	7.1939		
Cochlostoma septemspirale (Razoumowsky, 1789)	46744	NHM Vienna	PRESERVED SPECIMEN	10/25/2022		Österreich, Oberösterreich, Hochsteinalm bei Traunkirchen			Weis	1961		
Cochlostoma septemspirale (Razoumowsky, 1789)	57611	NHM Vienna	PRESERVED SPECIMEN	10/25/2022		Österreich, Oberösterreich, Bad Ischl, alte Römerstraße			Strouhal	8.8.1955		
Cochlostoma septemspirale (Razoumowsky, 1789)	52101	NHM Vienna	PRESERVED SPECIMEN	10/25/2022		Österreich, Oberösterreich, Bad Ischl, Siriuskogel			Klemm	23.6.1965		
Cochlostoma septemspirale (Razoumowsky, 1789)	47400	NHM Vienna	PRESERVED SPECIMEN	10/25/2022		Österreich, Oberösterreich, Straßenfelsen beim Frachtenbahnhof			Klemm	7.7.1962		
Cochlostoma septemspirale (Razoumowsky, 1789)	61822	NHM Vienna	PRESERVED SPECIMEN	10/25/2022		Österreich, Oberösterreich, Bad Ischl, Ruine Wildenstein			Klemm	26.6.1970		
Cochlostoma septemspirale (Razoumowsky, 1789)	47543	NHM Vienna	PRESERVED SPECIMEN	10/25/2022		Österreich, Oberösterreich, Vorderer Gosausee			Klemm	20.7.1962		
Cochlostoma septemspirale (Razoumowsky, 1789)	49368	NHM Vienna	PRESERVED SPECIMEN	10/25/2022		Österreich, Oberösterreich, Ewige Wand bei Goisern			Klemm	8.8.1963		
Cochlostoma septemspirale (Razoumowsky, 1789)	38011	NHM Vienna	PRESERVED SPECIMEN	10/25/2022		Österreich, Oberösterreich, Fahrnaugupf bei Traunkirchen			Strouhal	20.7.1949		
Cochlostoma septemspirale (Razoumowsky, 1789)	47327	NHM Vienna	PRESERVED SPECIMEN	10/25/2022		Österreich, Oberösterreich, Soleleitungsweg zwischen Lauffen und Bad Ischl			Klemm	26.6.1962		
Cochlostoma septemspirale (Razoumowsky, 1789)	6422	NHM Vienna	PRESERVED SPECIMEN	10/25/2022		Österreich, Oberösterreich, Goisern			Fuchs	8.1939		
Cochlostoma septemspirale (Razoumowsky, 1789)	47340	NHM Vienna	PRESERVED SPECIMEN	10/25/2022		Österreich, Oberösterreich, Jainzenberg,SO, Felsen			Klemm	27.6.1962		
Cochlostoma septemspirale (Razoumowsky, 1789)	4710	NHM Vienna	PRESERVED SPECIMEN	10/25/2022		Österreich, Oberösterreich, Hallstatt			Fuchs			
Cochlostoma septemspirale (Razoumowsky, 1789)	1643	NHM Vienna	PRESERVED SPECIMEN	10/25/2022		Österreich, Oberösterreich, Weyer, Gamskögerl			Ganslm.			
Cochlostoma septemspirale (Razoumowsky, 1789)	59326	NHM Vienna	PRESERVED SPECIMEN	10/25/2022		Österreich, Oberösterreich, Seestraße bei Hallstatt			Klemm	9.7.1966		
Cochlostoma septemspirale (Razoumowsky, 1789)	7040	NHM Vienna	PRESERVED SPECIMEN	10/25/2022		Österreich, Oberösterreich, Goisern, Jochwand			Fuchs	7.1939		
Cochlostoma septemspirale (Razoumowsky, 1789)	64668	NHM Vienna	PRESERVED SPECIMEN	10/25/2022		Österreich, Oberösterreich, alte Römerstraße bei Bad Ischl			Klemm	6.9.1972		
Cochlostoma septemspirale (Razoumowsky, 1789)	52059	NHM Vienna	PRESERVED SPECIMEN	10/25/2022		Österreich, Oberösterreich, Bad Ischl, Rettenbachgenist			Klemm	19.6.1965		
Cochlostoma septemspirale (Razoumowsky, 1789)	26293	NHM Vienna	PRESERVED SPECIMEN	10/25/2022		Österreich, Oberösterreich, Ebensee			Klemm	30.10.1947		
Cochlostoma septemspirale (Razoumowsky, 1789)	1630	NHM Vienna	PRESERVED SPECIMEN	10/25/2022		Österreich, Oberösterreich, Weyer, Rettensteinkogel			Ganslm.			
Cochlostoma septemspirale (Razoumowsky, 1789)	57087	NHM Vienna	PRESERVED SPECIMEN	10/25/2022		Österreich, Oberösterreich, Hinterstoder, Hintertombergau			Hamann	26.10.1968		
Cochlostoma septemspirale (Razoumowsky, 1789)	54791	NHM Vienna	PRESERVED SPECIMEN	10/25/2022		Österreich, Oberösterreich, Bad Ischl, Jainzental, Felsen östl. d. Wasserfalls			Klemm	7.6.1967		
Cochlostoma septemspirale (Razoumowsky, 1789)	27599	NHM Vienna	PRESERVED SPECIMEN	10/25/2022		Österreich, Oberösterreich, Koppenwinkel bei Obertraun			Klemm	4.8.1948		
Cochlostoma septemspirale (Razoumowsky, 1789)	48846	NHM Vienna	PRESERVED SPECIMEN	10/25/2022		Österreich, Oberösterreich, Kleinreifling			Klemm	27.8.1935		
Cochlostoma septemspirale (Razoumowsky, 1789)	48298	NHM Vienna	PRESERVED SPECIMEN	10/25/2022		Österreich, Oberösterreich, Wirt am Berg, 15 km südl. v. Wels			Hamann	2.9.1962		
Cochlostoma septemspirale (Razoumowsky, 1789)	40795	NHM Vienna	PRESERVED SPECIMEN	10/25/2022		Österreich, Oberösterreich, Windischgarsten			Ffranz			
Cochlostoma septemspirale (Razoumowsky, 1789)	25043	NHM Vienna	PRESERVED SPECIMEN	10/25/2022		Österreich, Oberösterreich, Pfarrkirchen bei Bad Hall			Mahler	10.10.1940		
Cochlostoma septemspirale (Razoumowsky, 1789)	23116	NHM Vienna	PRESERVED SPECIMEN	10/25/2022		Österreich, Oberösterreich, Plomberg am Mondsee			Klemm	13.10.1945		
Cochlostoma septemspirale (Razoumowsky, 1789)	52354	NHM Vienna	PRESERVED SPECIMEN	10/25/2022		Österreich, Oberösterreich, Windischgarsten			Seidl	26.9.1965		
Cochlostoma septemspirale (Razoumowsky, 1789)	24903	NHM Vienna	PRESERVED SPECIMEN	10/25/2022		Österreich, Oberösterreich, Gosauschmied			Klemm	30.9.1946		
Cochlostoma septemspirale (Razoumowsky, 1789)	56312	NHM Vienna	PRESERVED SPECIMEN	10/25/2022		Österreich, Oberösterreich, Straßenfelsen zwischen Hallstatt und Obertraun			Klemm	3.6.1968		
Cochlostoma septemspirale (Razoumowsky, 1789)	48703	NHM Vienna	PRESERVED SPECIMEN	10/25/2022		Österreich, Oberösterreich, Klaus			Hamann	26.5.1946		
Cochlostoma septemspirale (Razoumowsky, 1789)	63746	NHM Vienna	PRESERVED SPECIMEN	10/25/2022		Österreich, Oberösterreich, obertraun, Sarsteinwald, ob. Weg			Klemm	3.8.1970		
Cochlostoma septemspirale (Razoumowsky, 1789)	50958	NHM Vienna	PRESERVED SPECIMEN	10/25/2022		Österreich, Oberösterreich, Bad Ischl, Kroissenwald			Klemm	9.9.1964		
Cochlostoma septemspirale (Razoumowsky, 1789)	49359	NHM Vienna	PRESERVED SPECIMEN	10/25/2022		Österreich, Oberösterreich, Antenberg bei Antenau			Klemm	8.8.1963		
Cochlostoma septemspirale (Razoumowsky, 1789)	4065	NHM Vienna	PRESERVED SPECIMEN	10/25/2022		Österreich, Oberösterreich, Scharfling			Waringer	8.1936		
Cochlostoma septemspirale (Razoumowsky, 1789)	24859	NHM Vienna	PRESERVED SPECIMEN	10/25/2022		Österreich, Oberösterreich, Gosauzwang			Klemm	30.9.1946		
Cochlostoma septemspirale (Razoumowsky, 1789)	6306	NHM Vienna	PRESERVED SPECIMEN	10/25/2022		Österreich, Oberösterreich, Solleitenweg Hallstatt - Steeg			Fuchs	7.1939		
Cochlostoma septemspirale (Razoumowsky, 1789)	52138	NHM Vienna	PRESERVED SPECIMEN	10/25/2022		Österreich, Oberösterreich, Soleweg, Gosuamühle - Steeg			Klemm	24.8.1965		
Cochlostoma septemspirale (Razoumowsky, 1789)	6373	NHM Vienna	PRESERVED SPECIMEN	10/25/2022		Österreich, Oberösterreich, Waldbachstrupp bei Hallstatt			Fuchs	8.1939		
Cochlostoma septemspirale (Razoumowsky, 1789)	49421	NHM Vienna	PRESERVED SPECIMEN	10/25/2022		Österreich, Oberösterreich, Bad Ischl, Kalvarienberg Süd			Klemm	1.9.1963		
Cochlostoma septemspirale (Razoumowsky, 1789)	1797	NHM Vienna	PRESERVED SPECIMEN	10/25/2022		Österreich, Oberösterreich, Weyer, Gaflenzgenist			Ganslm.	2.1933		
Cochlostoma septemspirale (Razoumowsky, 1789)	24194	NHM Vienna	PRESERVED SPECIMEN	10/25/2022		Österreich, Oberösterreich, Obertraun, bei der Koppenbrunner Höhle			Mahler	19.5.1946		
Cochlostoma septemspirale (Razoumowsky, 1789)	25432	NHM Vienna	PRESERVED SPECIMEN	10/25/2022		Österreich, Oberösterreich, Weyregg, Atterseegenist			Klemm	28.3.1947		
Cochlostoma septemspirale (Razoumowsky, 1789)	15188	NHM Vienna	PRESERVED SPECIMEN	10/25/2022		Österreich, Oberösterreich, Goisern, Jochwand			Fuchs	14.8.1936		
Cochlostoma septemspirale (Razoumowsky, 1789)	50723	NHM Vienna	PRESERVED SPECIMEN	10/25/2022		Österreich, Oberösterreich, Ramsau bei Goisern, Katzengraben			Klemm	29.7.1964		
Cochlostoma septemspirale (Razoumowsky, 1789)	24875	NHM Vienna	PRESERVED SPECIMEN	10/25/2022		Österreich, Oberösterreich, Gosautal, Südfuß des Zwölferkofels			Klemm	30.9.1946		
Cochlostoma septemspirale (Razoumowsky, 1789)	6405	NHM Vienna	PRESERVED SPECIMEN	10/25/2022		Österreich, Oberösterreich, Ramsau bei Goisern			Fuchs	8.1938		
Cochlostoma septemspirale (Razoumowsky, 1789)	47402	NHM Vienna	PRESERVED SPECIMEN	10/25/2022		Österreich, Oberösterreich, Bad Ischl, Kaiserpark			Klemm	8.7.1962		
Cochlostoma septemspirale (Razoumowsky, 1789)	1124	NHM Vienna	PRESERVED SPECIMEN	10/25/2022		Österreich, Oberösterreich, Nussdorf am Attersee			Herzog	9.1928		
Cochlostoma septemspirale (Razoumowsky, 1789)	53344	NHM Vienna	PRESERVED SPECIMEN	10/25/2022		Österreich, Oberösterreich, Erbstollen bei Lauffen			Klemm	12.7.1966		
Cochlostoma septemspirale (Razoumowsky, 1789)	50942	NHM Vienna	PRESERVED SPECIMEN	10/25/2022		Österreich, Oberösterreich, Rindbachtal bei Ebensee			Klemm	7.9.1964		
Cochlostoma septemspirale (Razoumowsky, 1789)	49232	NHM Vienna	PRESERVED SPECIMEN	10/25/2022		Österreich, Oberösterreich, Salzberg bei Bad Ischl			Klemm	25.6.1963		
Cochlostoma septemspirale (Razoumowsky, 1789)	25325	NHM Vienna	PRESERVED SPECIMEN	10/25/2022		Österreich, Oberösterreich, Unterach am Attersee			Klemm	25.11.1946		
Cochlostoma septemspirale (Razoumowsky, 1789)	49272	NHM Vienna	PRESERVED SPECIMEN	10/25/2022		Österreich, Oberösterreich, Rettenbachtal bei Bad Ischl			Klemm	18.7.1963		
Cochlostoma septemspirale (Razoumowsky, 1789)	47417	NHM Vienna	PRESERVED SPECIMEN	10/25/2022		Österreich, Oberösterreich, Hallstatt, Straßenfelsen nördl. vom Ort			Klemm	10.7.1962		
Cochlostoma septemspirale (Razoumowsky, 1789)	50776	NHM Vienna	PRESERVED SPECIMEN	10/25/2022		Österreich, Oberösterreich, Waldbachstrub bei Hallstatt, Felsen, Kl. Fall bis Brücke			Klemm	12.8.1964		
Cochlostoma septemspirale (Razoumowsky, 1789)	53896	NHM Vienna	PRESERVED SPECIMEN	10/25/2022		Österreich, Oberösterreich, Bad Ischl, Soleweg nach Lauffen			Klemm	12.7.1966		
Cochlostoma septemspirale (Razoumowsky, 1789)	26268	NHM Vienna	PRESERVED SPECIMEN	10/25/2022		Österreich, Oberösterreich, Wimmersberg bei Ebensee, SO-Hang			Klemm	30.10.1947		
Cochlostoma septemspirale (Razoumowsky, 1789)	6414	NHM Vienna	PRESERVED SPECIMEN	10/25/2022		Österreich, Oberösterreich, Hallstatt, Straße			Fuchs	8.1939		
Cochlostoma septemspirale (Razoumowsky, 1789)	47479	NHM Vienna	PRESERVED SPECIMEN	10/25/2022		Österreich, Oberösterreich, Jainzen bei Bad Ischl, Wasserfall			Klemm	16.7.1962		
Cochlostoma septemspirale (Razoumowsky, 1789)	53361	NHM Vienna	PRESERVED SPECIMEN	10/25/2022		Österreich, Oberösterreich, Ebensee, Seilbahnstation			Klemm	22.7.1966		
Cochlostoma septemspirale (Razoumowsky, 1789)	47317	NHM Vienna	PRESERVED SPECIMEN	10/25/2022		Österreich, Oberösterreich, Bad Ischl, Siriuskogel			Klemm	25.6.1962		
Cochlostoma septemspirale (Razoumowsky, 1789)	50949	NHM Vienna	PRESERVED SPECIMEN	10/25/2022		Österreich, Oberösterreich, Bad Ischl, Siriuskogel Nord			Klemm	9.9.1964		
Cochlostoma septemspirale (Razoumowsky, 1789)	27951	NHM Vienna	PRESERVED SPECIMEN	10/25/2022		Österreich, Oberösterreich, Plomberg am Mondsee			Klemm	5.10.1948		
Cochlostoma septemspirale (Razoumowsky, 1789)	47621	NHM Vienna	PRESERVED SPECIMEN	10/25/2022		Österreich, Oberösterreich, Obertraun			Klemm	23.7.1962		
Cochlostoma septemspirale (Razoumowsky, 1789)	4617	NHM Vienna	PRESERVED SPECIMEN	10/25/2022		Österreich, Oberösterreich, Bad Ischl			Fuchs			
Cochlostoma septemspirale (Razoumowsky, 1789)	52149	NHM Vienna	PRESERVED SPECIMEN	10/25/2022		Österreich, Oberösterreich, Hallstatt, Straße 2 km nördl.			Klemm	16.9.1965		
Cochlostoma septemspirale (Razoumowsky, 1789)	60800	NHM Vienna	PRESERVED SPECIMEN	10/25/2022		Österreich, Oberösterreich, Bad Ischl, Felsen hinter Kaiser-Jagdstandbild			Klemm	26.6.1970		
Cochlostoma septemspirale (Razoumowsky, 1789)	23092	NHM Vienna	PRESERVED SPECIMEN	10/25/2022		Österreich, Oberösterreich, Straße von Weißenbach am Attersee zum Mondsee			Klemm	22.9.1945		
Cochlostoma septemspirale (Razoumowsky, 1789)	50729	NHM Vienna	PRESERVED SPECIMEN	10/25/2022		Österreich, Oberösterreich, Waldbachstrub bei Hallstatt, Waldanstieg			Klemm	12.8.1964		
Cochlostoma septemspirale (Razoumowsky, 1789)	54848	NHM Vienna	PRESERVED SPECIMEN	10/25/2022		Österreich, Oberösterreich, Hallstatt, Straße Nord			Klemm	7.7.1967		
Cochlostoma septemspirale (Razoumowsky, 1789)	56369	NHM Vienna	PRESERVED SPECIMEN	10/25/2022		Österreich, Oberösterreich, Obertraun, Talstation der Dachsteinseilbahn			Klemm	30.6.1968		
Cochlostoma septemspirale (Razoumowsky, 1789)	53377	NHM Vienna	PRESERVED SPECIMEN	10/25/2022		Österreich, Oberösterreich, Bad Ischl, Jainzental			Klemm	27.6.1966		
Cochlostoma septemspirale (Razoumowsky, 1789)	56288	NHM Vienna	PRESERVED SPECIMEN	10/25/2022		Österreich, Oberösterreich, Bad Ischl, Straßenfelsen gegenüber Kalkwerk			Klemm	26.6.1968		
Cochlostoma septemspirale (Razoumowsky, 1789)	49401	NHM Vienna	PRESERVED SPECIMEN	10/25/2022		Österreich, Oberösterreich, Soleweg Gosaumühle - Hallstatt			Klemm	20.8.1963		
Cochlostoma septemspirale (Razoumowsky, 1789)	4057	NHM Vienna	PRESERVED SPECIMEN	10/31/2022		Österreich, Oberösterreich, Obertraun, Promenadeweg			Waringer	8.1936		
Cochlostoma septemspirale (Razoumowsky, 1789)	53263	NHM Vienna	PRESERVED SPECIMEN	10/31/2022		Österreich, Oberösterreich, Traunau-Genist nach Bad Ischl			Klemm	22.6.1966		
Cochlostoma septemspirale (Razoumowsky, 1789)	53225	NHM Vienna	PRESERVED SPECIMEN	10/31/2022		Österreich, Oberösterreich, Bad Ischl, Kalkwerk, Trauntal			Klemm	22.6.1966		
Cochlostoma septemspirale (Razoumowsky, 1789)	63765	NHM Vienna	PRESERVED SPECIMEN	10/31/2022		Österreich, Oberösterreich, Obertraun, Sarsteinwand Ost			Klemm	3.8.1971		
Cochlostoma septemspirale (Razoumowsky, 1789)	47360	NHM Vienna	PRESERVED SPECIMEN	10/31/2022		Österreich, Oberösterreich, Bad Ischl, oberhalb der Talstation der Katrin-Seilbahn			Klemm	29.6.1962		
Cochlostoma septemspirale (Razoumowsky, 1789)	24386	NHM Vienna	PRESERVED SPECIMEN	10/31/2022		Österreich, Oberösterreich, Pfarrkirchen bei Bad Hall			Mahler	10.6.1946		
Cochlostoma septemspirale (Razoumowsky, 1789)	53287	NHM Vienna	PRESERVED SPECIMEN	10/31/2022		Österreich, Oberösterreich, Bad Ischl, Roith-Stiege			Klemm	27.6.1966		
Cochlostoma septemspirale (Razoumowsky, 1789)	6386	NHM Vienna	PRESERVED SPECIMEN	10/31/2022		Österreich, Oberösterreich, Bad Ischl, Johann-Strauss-Promenade			Fuchs	8.1939		
Cochlostoma septemspirale (Razoumowsky, 1789)	53295	NHM Vienna	PRESERVED SPECIMEN	10/31/2022		Österreich, Oberösterreich, Stankogel Süd nach Bad Ischl			Klemm	3.7.1966		
Cochlostoma septemspirale (Razoumowsky, 1789)	100451	NHM Vienna	PRESERVED SPECIMEN	10/31/2022		Österreich, Oberösterreich, Oberrothenbuch, Gem. Braunau am Inn			Fritz Seidl	28.7.199		
Cochlostoma septemspirale (Razoumowsky, 1789)	100467	NHM Vienna	PRESERVED SPECIMEN	10/31/2022		Österreich, Oberösterreich, Mischwald im Mündungsbereich des Großen Kößlbaches, NW von Esternberg, Bez. Schärding			Fritz & Wolfgang Seidl	24.5.1998		
Cochlostoma septemspirale (Razoumowsky, 1789)	6226	NHM Vienna	PRESERVED SPECIMEN	10/31/2022		Österreich, Oberösterrreich, Solleitenweg bei Anzenzau			Fuchs	7.1939		
Cochlostoma septemspirale (Razoumowsky, 1789)	47634	NHM Vienna	PRESERVED SPECIMEN	10/31/2022		Österreich, Steiermark, Straße nach Altaussee, bei Koppenwinkel			Klemm	23.7.1962		
Cochlostoma septemspirale (Razoumowsky, 1789)	59902	NHM Vienna	PRESERVED SPECIMEN	10/31/2022		Österreich, Niederösterreich, Donau-Genist bei Aggstein			Edlauer			
Cochlostoma septemspirale (Razoumowsky, 1789)	64106	NHM Vienna	PRESERVED SPECIMEN	10/31/2022		Österreich, Niederösterreich, Baden, Hornfelsen bei Grenzach			Seidl	22.5.1971		
Cochlostoma septemspirale (Razoumowsky, 1789)	15189	NHM Vienna	PRESERVED SPECIMEN	10/31/2022		Österreich, Steiermark, rechtes Ufer der Enns bei Großreifling						
Cochlostoma septemspirale (Razoumowsky, 1789)	65560	NHM Vienna	PRESERVED SPECIMEN	10/31/2022		Österreich, Steiermark, Altaussee, Loser-Seewand			Klemm	30.8.1973		
Cochlostoma septemspirale (Razoumowsky, 1789)	27570	NHM Vienna	PRESERVED SPECIMEN	10/31/2022		Österreich, Steiermark, Bad Aussee			Klemm	4.8.1948		
Cochlostoma septemspirale (Razoumowsky, 1789)	54952	NHM Vienna	PRESERVED SPECIMEN	10/31/2022		Österreich, Steiermark, Steinpass			Klemm	20.7.1967		
Cochlostoma septemspirale (Razoumowsky, 1789)	56390	NHM Vienna	PRESERVED SPECIMEN	10/31/2022		Österreich, Steiermark, Grundlsee bei Bad Aussee			Elser	5.6.1968		
Cochlostoma septemspirale (Razoumowsky, 1789)	63738	NHM Vienna	PRESERVED SPECIMEN	10/31/2022		Österreich, Steiermark, Mitterndorf			Lacroix	2.8.1971		
Cochlostoma septemspirale (Razoumowsky, 1789)	4692	NHM Vienna	PRESERVED SPECIMEN	10/31/2022		Österreich, Steiermark, Ramsau			Fuchs			
Cochlostoma septemspirale (Razoumowsky, 1789)	56594	NHM Vienna	PRESERVED SPECIMEN	10/31/2022		Österreich, Steiermark, Wörschachklamm bei Liezen			Seidl	20.7.1968		
Cochlostoma septemspirale (Razoumowsky, 1789)	54915	NHM Vienna	PRESERVED SPECIMEN	10/31/2022		Österreich, Steiermark, Steinpass, Stauseegenist			Klemm	20.7.1967		
Cochlostoma septemspirale (Razoumowsky, 1789)	15190	NHM Vienna	PRESERVED SPECIMEN	10/31/2022		Österreich, Steiermark, Wörschachklamm			Klemm			
Cochlostoma septemspirale (Razoumowsky, 1789)	40798	NHM Vienna	PRESERVED SPECIMEN	10/31/2022		Österreich, Steiermark, Wörschach, Ruine Wolkenstein			Franz	14,7,1947		
Cochlostoma septemspirale (Razoumowsky, 1789)	40793	NHM Vienna	PRESERVED SPECIMEN	10/31/2022		Österreich, Steiermark, Steinach, Südhang 			Franz	9.9.1943		
Cochlostoma septemspirale (Razoumowsky, 1789)	44432	NHM Vienna	PRESERVED SPECIMEN	10/31/2022		Österreich, Kärnten, Bärental, Tratten, Karawanken			Klemm	1.7.1960		
Cochlostoma septemspirale (Razoumowsky, 1789)	7309	NHM Vienna	PRESERVED SPECIMEN	10/31/2022		Österreich, Kärnten, Weg z. Misoria-Alm bei Mauthen im Gailtal			Klemm	7.1940		
Cochlostoma septemspirale (Razoumowsky, 1789)	15228	NHM Vienna	PRESERVED SPECIMEN	10/31/2022		Österreich, Kärnten, Plöckenpass						
Cochlostoma septemspirale (Razoumowsky, 1789)	66673	NHM Vienna	PRESERVED SPECIMEN	10/31/2022		Österreich, Kärnten, Oberdrauburg, Silberbach			Thorson	10.7.1934		
Cochlostoma septemspirale (Razoumowsky, 1789)	44697	NHM Vienna	PRESERVED SPECIMEN	10/31/2022		Österreich, Kärnten, Wurzenpass, Karawanken			Klemm	3.8.1960		
Cochlostoma septemspirale (Razoumowsky, 1789)	66674	NHM Vienna	PRESERVED SPECIMEN	10/31/2022		Österreich, Kärnten, Hermagor			Thorson	26.7.1934		
Cochlostoma septemspirale (Razoumowsky, 1789)	66675	NHM Vienna	PRESERVED SPECIMEN	10/31/2022		Österreich, Kärnten, Plöckenpass			Thorson	16.7.1934		
Cochlostoma septemspirale (Razoumowsky, 1789)	66679	NHM Vienna	PRESERVED SPECIMEN	10/31/2022		Österreich, Kärnten, Nätsch			Thorson	24.7.1934		
Cochlostoma septemspirale (Razoumowsky, 1789)	22170	NHM Vienna	PRESERVED SPECIMEN	10/31/2022		Österreich, Kärnten, Warmbad Villach, Tscheltschnigkogel			Strouhal	22.8.1934		
Cochlostoma septemspirale (Razoumowsky, 1789)	22188	NHM Vienna	PRESERVED SPECIMEN	10/31/2022		Österreich, Kärnten, Warmbad Villach, Napoleonwiese			Strouhal	8.1933		
Cochlostoma septemspirale (Razoumowsky, 1789)	66678	NHM Vienna	PRESERVED SPECIMEN	10/31/2022		Österreich, Kärnten, Heiligengeist, Ottohütte			Thorson	23.7.1934		
Cochlostoma septemspirale (Razoumowsky, 1789)	38364	NHM Vienna	PRESERVED SPECIMEN	10/31/2022		Österreich, Kärnten, Warmbad Villach, Gräflach			Strouhal			
Cochlostoma septemspirale (Razoumowsky, 1789)	2042	NHM Vienna	PRESERVED SPECIMEN	10/31/2022		Österreich, Kärnten, Karawanken, Rosenbach, Straße a.d. Rohrleitung			Klemm	6.1934		
Cochlostoma septemspirale (Razoumowsky, 1789)	57042	NHM Vienna	PRESERVED SPECIMEN	10/31/2022		Österreich, Kärnten, Kaverne 1 km oberhalb d. Heldenfriedhofs			Elser	9.1968		
Cochlostoma septemspirale (Razoumowsky, 1789)	52267	NHM Vienna	PRESERVED SPECIMEN	10/31/2022		Österreich, Kärnten, Bärental, Karawanken			Seidl	25.7.1965		
Cochlostoma septemspirale (Razoumowsky, 1789)	1120	NHM Vienna	PRESERVED SPECIMEN	10/31/2022		Österreich, Kärnten, Valentin-Klamm bei Mauthen			Klemm	6.1931		
Cochlostoma septemspirale (Razoumowsky, 1789)	46202	NHM Vienna	PRESERVED SPECIMEN	10/31/2022		Österreich, Kärnten, Dobratsch, Weg zur Kaserin			Sauer			
Cochlostoma septemspirale (Razoumowsky, 1789)	44718	NHM Vienna	PRESERVED SPECIMEN	10/31/2022		Österreich, Kärnten, Freibachgraben n. Terkl, Karawanken			Klemm	8.8.1960		
Cochlostoma septemspirale (Razoumowsky, 1789)	44373	NHM Vienna	PRESERVED SPECIMEN	10/31/2022		Österreich, Kärnten, Huda Jama, Koschuta			Klemm	13.7.1960		
Cochlostoma septemspirale (Razoumowsky, 1789)	2051	NHM Vienna	PRESERVED SPECIMEN	10/31/2022		Österreich, Kärnten, Rosenbach, Bahndamm, Karawanken			Klemm	6.1934		
Cochlostoma septemspirale (Razoumowsky, 1789)	1404	NHM Vienna	PRESERVED SPECIMEN	10/31/2022		Österreich, Kärnten, Karawanken, Kupitzklamm bei Eisenkappel			Klemm	6.1932		
Cochlostoma septemspirale (Razoumowsky, 1789)	49304	NHM Vienna	PRESERVED SPECIMEN	10/31/2022		Österreich, Kärnten, Altaussee			Klemm	18.7.1963		
Cochlostoma septemspirale (Razoumowsky, 1789)	52287	NHM Vienna	PRESERVED SPECIMEN	10/31/2022		Österreich, Kärnten, Karawanken, Rosenbach			Seidl	25.7.1965		
Cochlostoma septemspirale (Razoumowsky, 1789)	46207	NHM Vienna	PRESERVED SPECIMEN	10/31/2022		Österreich, Kärnten, Weg Bleiberg - Heiligengeist			Sauer			
Cochlostoma septemspirale (Razoumowsky, 1789)	2053	NHM Vienna	PRESERVED SPECIMEN	10/31/2022		Österreich, Kärnten, Karawanken, Rosenbach, Talweg nach Schlatten			Klemm	6.1934		
Cochlostoma septemspirale (Razoumowsky, 1789)	44468	NHM Vienna	PRESERVED SPECIMEN	10/31/2022		Österreich, Kärnten, Gurnitz-Schlucht, Sattnitz			Klemm	25.7.1960		
Cochlostoma septemspirale (Razoumowsky, 1789)	56988	NHM Vienna	PRESERVED SPECIMEN	10/31/2022		Österreich, Kärnten, Karawanken, Straße Suhagraben			Horst	9.1968		
Cochlostoma septemspirale (Razoumowsky, 1789)	44241	NHM Vienna	PRESERVED SPECIMEN	10/31/2022		Österreich, Kärnten, Loibltal, Kleinloibl			Klemm	3.7.1960		
Cochlostoma septemspirale (Razoumowsky, 1789)	69219	NHM Vienna	PRESERVED SPECIMEN	10/31/2022		Österreich, Kärnten, Altausseersee-Genist			Sperling	10.1975		
Cochlostoma septemspirale (Razoumowsky, 1789)	44494	NHM Vienna	PRESERVED SPECIMEN	10/31/2022		Österreich, Kärnten, Sattnitz, Annabrücke			Klemm	25.7.1960		
Cochlostoma septemspirale (Razoumowsky, 1789)	38302	NHM Vienna	PRESERVED SPECIMEN	10/31/2022		Österreich, Kärnten, Karawanken, Goritschach-Illitschhöhe			Strouhal	6.9.1949		
Cochlostoma septemspirale (Razoumowsky, 1789)	38289	NHM Vienna	PRESERVED SPECIMEN	10/31/2022		Österreich, Kärnten, Gräflach bei Warmbad Villach, vor Versturzhöhle			Strouhal	31.8.1949		
Cochlostoma septemspirale (Razoumowsky, 1789)	56957	NHM Vienna	PRESERVED SPECIMEN	10/31/2022		Österreich, Kärnten, Hollenburg			Horst	9.1968		
Cochlostoma septemspirale (Razoumowsky, 1789)	15221	NHM Vienna	PRESERVED SPECIMEN	10/31/2022		Österreich, Kärnten, Karnische Alpen, Mauthner Alpe			Klemm			
Cochlostoma septemspirale (Razoumowsky, 1789)	44304	NHM Vienna	PRESERVED SPECIMEN	10/31/2022		Österreich, Kärnten, Ma. Rain, Drauabfall, Sattnitz			Klemm	3.9.1960		
Cochlostoma septemspirale (Razoumowsky, 1789)	27438	NHM Vienna	PRESERVED SPECIMEN	10/31/2022		Österreich, Kärnten, Klamm bei Mauthen, hinterer Teil			Klemm	29.7.1948		
Cochlostoma septemspirale (Razoumowsky, 1789)	44584	NHM Vienna	PRESERVED SPECIMEN	10/31/2022		Österreich, Kärnten, Karawanken, Mallestig			Klemm	1.8.1960		
Cochlostoma septemspirale (Razoumowsky, 1789)	1119	NHM Vienna	PRESERVED SPECIMEN	10/31/2022		Österreich, Kärnten, Karnische Alpen, Mauthner Alpe			Klemm	6.1931		
Cochlostoma septemspirale (Razoumowsky, 1789)	1403	NHM Vienna	PRESERVED SPECIMEN	10/31/2022		Österreich, Kärnten, Mauthen im Gailtal			Klemm	6.1932		
Cochlostoma septemspirale (Razoumowsky, 1789)	7296	NHM Vienna	PRESERVED SPECIMEN	10/31/2022		Österreich, Kärnten, Karnische Alpen, Valentinalpe			Klemm	7.1940		
Cochlostoma septemspirale (Razoumowsky, 1789)	50680	NHM Vienna	PRESERVED SPECIMEN	10/31/2022		Österreich, Kärnten, Karawanken, Inneres d. Ruine Altfinkenstein			Thaler	19.8.1963		
Cochlostoma septemspirale (Razoumowsky, 1789)	64912	NHM Vienna	PRESERVED SPECIMEN	10/31/2022		Österreich, Kärnten, Villach-Umgebung, Dobratsch			Kühnelt	8.9.1942		
Cochlostoma septemspirale (Razoumowsky, 1789)	2055	NHM Vienna	PRESERVED SPECIMEN	10/31/2022		Österreich, Kärnten, Karawanken, Ardeschitzenklamm			Klemm	6.1944		
Cochlostoma septemspirale (Razoumowsky, 1789)	53430	NHM Vienna	PRESERVED SPECIMEN	10/31/2022		Österreich, Kärnten, Rechberg			Seidl	20.7.1966		
Cochlostoma septemspirale (Razoumowsky, 1789)	7890	NHM Vienna	PRESERVED SPECIMEN	11/2/2022		Österreich, Kärnten, Bosiceva Gora bei Eisenkappel			Klemm	8.1941		
Cochlostoma septemspirale (Razoumowsky, 1789)	1402	NHM Vienna	PRESERVED SPECIMEN	11/2/2022		Österreich, Kärnten, Karawanken, Ebriacher Klamm bei Eisenkappel			Klemm	6.1932		
Cochlostoma septemspirale (Razoumowsky, 1789)	44399	NHM Vienna	PRESERVED SPECIMEN	11/2/2022		Österreich, Kärnten, Sattnitz, Unterschlossberg			Klemm	17.7.1960		
Cochlostoma septemspirale (Razoumowsky, 1789)	44265	NHM Vienna	PRESERVED SPECIMEN	11/2/2022		Österreich, Kärnten, Ferlacher Horn			Klemm	6.7.1960		
Cochlostoma septemspirale (Razoumowsky, 1789)	2043	NHM Vienna	PRESERVED SPECIMEN	11/2/2022		Österreich, Kärnten, Karawanken, Rosenbach, Bärengraben			Klemm	6.1934		
Cochlostoma septemspirale (Razoumowsky, 1789)	1121	NHM Vienna	PRESERVED SPECIMEN	11/2/2022		Österreich, Kärnten, Karnische Alpen, Plöckenpass			Klemm	6.1931		
Cochlostoma septemspirale (Razoumowsky, 1789)	56972	NHM Vienna	PRESERVED SPECIMEN	11/2/2022		Österreich, Kärnten, Karawanken, Koschutahaus			Horst	9.1968		
Cochlostoma septemspirale (Razoumowsky, 1789)	1405	NHM Vienna	PRESERVED SPECIMEN	11/2/2022		Österreich, Kärnten, Ostrücken des Hochobir			Klemm	6.1932		
Cochlostoma septemspirale (Razoumowsky, 1789)	2048	NHM Vienna	PRESERVED SPECIMEN	11/2/2022		Österreich, Kärnten, Karawanken, Rosenbach, Bahndurchlass bei Tunnel			Klemm	6.1934		
Cochlostoma septemspirale (Razoumowsky, 1789)	46216	NHM Vienna	PRESERVED SPECIMEN	11/2/2022		Österreich, Kärnten, Dobratsch			Sauer			
Cochlostoma septemspirale (Razoumowsky, 1789)	7858	NHM Vienna	PRESERVED SPECIMEN	11/2/2022		Österreich, Kärnten, Leppengraben bei Eisenkappel			Klemm	8.1941		
Cochlostoma septemspirale (Razoumowsky, 1789)	66677	NHM Vienna	PRESERVED SPECIMEN	11/2/2022		Österreich, Kärnten, Sattnitz, Ma. Rain			Thorson	20.7.1934		
Cochlostoma septemspirale (Razoumowsky, 1789)	2045	NHM Vienna	PRESERVED SPECIMEN	11/2/2022		Österreich, Kärnten, St. Jakob im Rosental			Klemm	6.1934		
Cochlostoma septemspirale (Razoumowsky, 1789)	2049	NHM Vienna	PRESERVED SPECIMEN	11/2/2022		Österreich, Kärnten, Karawanken, Rosenbach, Nageleklause			Klemm	6.1934		
Cochlostoma septemspirale (Razoumowsky, 1789)	2044	NHM Vienna	PRESERVED SPECIMEN	11/2/2022		Österreich, Kärnten, Karawanken, Rosenbacher Schweiz, Felsenende			Klemm	6.1934		
Cochlostoma septemspirale (Razoumowsky, 1789)	56620	NHM Vienna	PRESERVED SPECIMEN	11/2/2022		Österreich, Kärnten, Trögerner Klamm bei Eisenkappel			Seidl	21.7.1968		
Cochlostoma septemspirale (Razoumowsky, 1789)	66676	NHM Vienna	PRESERVED SPECIMEN	11/2/2022		Österreich, Kärnten, Kötschach-Mauthen			Thorson	16.7.1934		
Cochlostoma septemspirale (Razoumowsky, 1789)	34990	NHM Vienna	PRESERVED SPECIMEN	11/2/2022		Österreich, Kärnten, Unterloibl			Klemm	26.4.1960		
Cochlostoma septemspirale (Razoumowsky, 1789)	7827	NHM Vienna	PRESERVED SPECIMEN	11/2/2022		Österreich, Kärnten, Kupitzklamm bei Eisenkappel, Seitengraben			Klemm	8.1941		
Cochlostoma septemspirale (Razoumowsky, 1789)	1406	NHM Vienna	PRESERVED SPECIMEN	11/2/2022		Österreich, Kärnten, Steiner Alpen, Vellacher Kotschna, Nord-Abfall			Klemm	6.1932		
Cochlostoma septemspirale (Razoumowsky, 1789)	44940	NHM Vienna	PRESERVED SPECIMEN	11/2/2022		Österreich, Kärnten, Waidischtal, Wabuschnitzgraben			Klemm	12.8.1960		
Cochlostoma septemspirale (Razoumowsky, 1789)	44346	NHM Vienna	PRESERVED SPECIMEN	11/2/2022		Österreich, Kärnten, Karawanken, Loiblpasshöhe			Klemm	10.7.1960		
Cochlostoma septemspirale (Razoumowsky, 1789)	22240	NHM Vienna	PRESERVED SPECIMEN	11/2/2022		Österreich, Kärnten, Graschelitzen-Höhle			Strouhal	25.8.1934		
Cochlostoma septemspirale (Razoumowsky, 1789)	63054	NHM Vienna	PRESERVED SPECIMEN	11/2/2022		Österreich, Kärnten, Schloss Stein bei Dellach			Kofler	26.5.1970		
Cochlostoma septemspirale (Razoumowsky, 1789)	44714	NHM Vienna	PRESERVED SPECIMEN	11/2/2022		Österreich, Kärnten, Terkl, Koschuta			Klemm	8.8.1960		
Cochlostoma septemspirale (Razoumowsky, 1789)	44894	NHM Vienna	PRESERVED SPECIMEN	11/2/2022		Österreich, Kärnten, Karawanken, unteres Waidischbachtal			Klemm	28.8.1960		
Cochlostoma septemspirale (Razoumowsky, 1789)	44665	NHM Vienna	PRESERVED SPECIMEN	11/2/2022		Österreich, Kärnten, Federaun, Dobratsch			Klemm	3.8.1960		
Cochlostoma septemspirale (Razoumowsky, 1789)	57005	NHM Vienna	PRESERVED SPECIMEN	11/2/2022		Österreich, Kärnten, Gratschitzengraben bei Rosenbach			Horst	9.1968		
Cochlostoma septemspirale (Razoumowsky, 1789)	53429	NHM Vienna	PRESERVED SPECIMEN	11/2/2022		Österreich, Kärnten, Rechberg bei Eisenkappel			Seidl	20.7.1966		
Cochlostoma septemspirale (Razoumowsky, 1789)	40941	NHM Vienna	PRESERVED SPECIMEN	11/2/2022		Österreich, Kärnten, Karawanken, Rabenberg			Hölzel	20.6.1956		
Cochlostoma septemspirale (Razoumowsky, 1789)	63135	NHM Vienna	PRESERVED SPECIMEN	11/2/2022		Österreich, Kärnten, Eisenkappel			Klemm	6.1934		
Cochlostoma septemspirale (Razoumowsky, 1789)	44669	NHM Vienna	PRESERVED SPECIMEN	11/2/2022		Österreich, Kärnten, Pöckau, Schlucht			Klemm	3.8.1960		
Cochlostoma septemspirale (Razoumowsky, 1789)	2056	NHM Vienna	PRESERVED SPECIMEN	11/2/2022		Österreich, Kärnten, Karawanken, Gratschitzengraben			Klemm	6.1944		
Cochlostoma septemspirale (Razoumowsky, 1789)	57776	NHM Vienna	PRESERVED SPECIMEN	11/2/2022		Österreich, Kärnten, Maria Elend, Suchagraben			Strouhal	24.9.1960		
Cochlostoma septemspirale (Razoumowsky, 1789)	44856	NHM Vienna	PRESERVED SPECIMEN	11/2/2022		Österreich, Kärnten, Karawanken, Bärental, Johannsenruhe, Südhang, Geröll			Klemm	15,8,1960		
Cochlostoma septemspirale (Razoumowsky, 1789)	44176	NHM Vienna	PRESERVED SPECIMEN	11/2/2022		Österreich, Kärnten, Karawanken, Unterloibl			Klemm	29.6.1960		
Cochlostoma septemspirale (Razoumowsky, 1789)	27349	NHM Vienna	PRESERVED SPECIMEN	11/2/2022		Österreich, Kärnten, Gailtaler Alpen, Weißbriach			Klemm	27.7.1948		
Cochlostoma septemspirale (Razoumowsky, 1789)	15224	NHM Vienna	PRESERVED SPECIMEN	11/7/2022		Österreich, Kärnten, Karnische Alpen, Valentin-Klamm bei Mauthen						
Cochlostoma septemspirale (Razoumowsky, 1789)	27403	NHM Vienna	PRESERVED SPECIMEN	11/7/2022		Österreich, Kärnten, Valentin-Klamm bei Mauthen, vorderer Teil			Klemm	19.7.1948		
Cochlostoma septemspirale (Razoumowsky, 1789)	56977	NHM Vienna	PRESERVED SPECIMEN	11/7/2022		Österreich, Kärnten, Scarbia, Ost-Sattnitz			Horst	4.9.1968		
Cochlostoma septemspirale (Razoumowsky, 1789)	56963	NHM Vienna	PRESERVED SPECIMEN	11/7/2022		Österreich, Kärnten, Kirschentheuer bei Ferlach			Horst	4.9.1968		
Cochlostoma septemspirale (Razoumowsky, 1789)	7519	NHM Vienna	PRESERVED SPECIMEN	11/7/2022		Österreich, Kärnten, Karawanken, Lobnikgraben bei Eisenkappel			Klemm	8.1941		
Cochlostoma septemspirale (Razoumowsky, 1789)	44216	NHM Vienna	PRESERVED SPECIMEN	11/7/2022		Österreich, Kärnten, Tscheppaschlucht, Loibltal			Klemm	3.7.1960		
Cochlostoma septemspirale (Razoumowsky, 1789)	7554	NHM Vienna	PRESERVED SPECIMEN	11/7/2022		Österreich, Kärnten, Karawanken, bei Eisenkappel			Klemm	8.1941		
Cochlostoma septemspirale (Razoumowsky, 1789)	7872	NHM Vienna	PRESERVED SPECIMEN	11/7/2022		Österreich, Kärnten, Karawanken, Eisenkappel, an der Straße gegen Norden			Klemm	8.1941		
Cochlostoma septemspirale (Razoumowsky, 1789)	63141	NHM Vienna	PRESERVED SPECIMEN	11/7/2022		Österreich, Kärnten, Boziceva gora bei Eisenkappel			Klemm	8.1941		
Cochlostoma septemspirale (Razoumowsky, 1789)	1400	NHM Vienna	PRESERVED SPECIMEN	11/7/2022		Österreich, Kärnten, Karawanken, Eisenkappel			Klemm	6.1932		
Cochlostoma septemspirale (Razoumowsky, 1789)	1407	NHM Vienna	PRESERVED SPECIMEN	11/7/2022		Österreich, Kärnten, Lobnik bei Eisenkappel			Klemm	6.1932		
Cochlostoma septemspirale (Razoumowsky, 1789)	2054	NHM Vienna	PRESERVED SPECIMEN	11/7/2022		Österreich, Kärnten, Karawanken, Rosenbach, Talstraße			Klemm	6.1934		
Cochlostoma septemspirale (Razoumowsky, 1789)	44970	NHM Vienna	PRESERVED SPECIMEN	11/7/2022		Österreich, Kärnten, Karnische Alpen, Unt. Valentinalm			Klemm	16.8.1960		
Cochlostoma septemspirale (Razoumowsky, 1789)	44435	NHM Vienna	PRESERVED SPECIMEN	11/7/2022		Österreich, Kärnten, Bärental bis Stouhütte			Klemm	21.7.1960		
Cochlostoma septemspirale (Razoumowsky, 1789)	7260	NHM Vienna	PRESERVED SPECIMEN	11/7/2022		Österreich, Kärnten, Valentin-Klamm bei Mauthen			Klemm	7.1940		
Cochlostoma septemspirale (Razoumowsky, 1789)	44726	NHM Vienna	PRESERVED SPECIMEN	11/7/2022		Österreich, Kärnten, Karawanken, Wandfuß des Kuhberges, Hochobir			Klemm	8.8.1960		
Cochlostoma septemspirale (Razoumowsky, 1789)	2058	NHM Vienna	PRESERVED SPECIMEN	11/7/2022		Österreich, Kärnten, Karawanken, Rosenbacher Schweiz			Klemm	6.1934		
Cochlostoma septemspirale (Razoumowsky, 1789)	44457	NHM Vienna	PRESERVED SPECIMEN	11/7/2022		Österreich, Kärnten, Ebental, Sattnitz, Wasserfall			Klemm	25.7.1960		
Cochlostoma septemspirale (Razoumowsky, 1789)	7385	NHM Vienna	PRESERVED SPECIMEN	11/7/2022		Österreich, Kärnten, Kanzianiberg, südl. v. Villach			Klemm	7.1940		
Cochlostoma septemspirale (Razoumowsky, 1789)	15235	NHM Vienna	PRESERVED SPECIMEN	11/7/2022		Österreich, Kärnten, Ruine Altfinkenstein südl. v. Faak			Klemm			
Cochlostoma septemspirale (Razoumowsky, 1789)	44937	NHM Vienna	PRESERVED SPECIMEN	11/7/2022		Österreich, Kärnten, Karawanken, Hochobir, Wildensteinerfall			Klemm	12.8.1960		
Cochlostoma septemspirale (Razoumowsky, 1789)	52725	NHM Vienna	PRESERVED SPECIMEN	11/7/2022		Österreich, Kärnten, Karawanken, Wandfuß Hochobir, Freibachgraben			Fauer	31.8.1965		
Cochlostoma septemspirale (Razoumowsky, 1789)	70466	NHM Vienna	PRESERVED SPECIMEN	11/7/2022		Österreich, Kärnten, Arnoldstein, Wasserfall			Lamprecht	9.6.1966		
Cochlostoma septemspirale (Razoumowsky, 1789)	70036	NHM Vienna	PRESERVED SPECIMEN	11/7/2022		Österreich, Kärnten, Trögerner Klamm			Schuster	8.6.1978		
Cochlostoma septemspirale (Razoumowsky, 1789)	70072	NHM Vienna	PRESERVED SPECIMEN	11/7/2022		Österreich, Kärnten, Karawanken, Kropiunerbach			Schuster	8.1976		
Cochlostoma septemspirale (Razoumowsky, 1789)	15239	NHM Vienna	PRESERVED SPECIMEN	11/7/2022		Österreich, Kärnten / Italien, Friaul, Malborghetto						
Cochlostoma septemspirale (Razoumowsky, 1789)	75000-E1364	NHM Vienna coll. Edlauer	PRESERVED SPECIMEN	12/12/2022		Österreich, Steiermark, Berg Hum bei Tüffer			Jakobi			https://iiif-1.nhm.at/iiif/3/NHMW-ZOO-MO-75000-E1364_Cochlostoma_septemspirale.jpg/full/120,/0/default.jpg, https://objects.nhm.at/view/NHMW-ZOO-MO-75000-E1364
Cochlostoma septemspirale (Razoumowsky, 1789)	68121	NHM Vienna coll. Edlauer	PRESERVED SPECIMEN	12/12/2022		Österreich, Steiermark						
Cochlostoma septemspirale (Razoumowsky, 1789)	75000-E10215	NHM Vienna coll. Edlauer	PRESERVED SPECIMEN	12/12/2022		Österreich, Oberösterreich, Hallstadt			Dr. Rochhart			https://iiif-1.nhm.at/iiif/3/NHMW-ZOO-MO-75000-E10215_Cochlostoma_septemspirale.jpg/full/120,/0/default.jpg, https://objects.nhm.at/view/NHMW-ZOO-MO-75000-E10215
Cochlostoma septemspirale (Razoumowsky, 1789)	13367	NHM Vienna coll. Dr. Leo Rusnov	PRESERVED SPECIMEN	12/12/2022		Österreich, Oberösterreich, Gmunden			Dr. C. Brunner			https://iiif-1.nhm.at/iiif/3/NHMW-ZOO-MO-13367_Cochlostoma_septemspirale.jpg/full/120,/0/default.jpg, https://objects.nhm.at/view/NHMW-ZOO-MO-13367
Cochlostoma septemspirale (Razoumowsky, 1789)	13368	NHM Vienna coll. Dr. Leo Rusnov	PRESERVED SPECIMEN	12/12/2022		Österreich, Steiermark						https://iiif-1.nhm.at/iiif/3/NHMW-ZOO-MO-13367_Cochlostoma_septemspirale.jpg/full/120,/0/default.jpg, https://objects.nhm.at/view/NHMW-ZOO-MO-13368
Cochlostoma septemspirale (Razoumowsky, 1789)	75000-E4958	NHM Vienna coll. Edlauer	PRESERVED SPECIMEN	12/12/2022		Österreich, Oberösterreich, Kastenreuth, Felswand an der Eisenbahnstation				1930		https://iiif-1.nhm.at/iiif/3/NHMW-ZOO-MO-75000-E4958_Cochlostoma_septemspirale.jpg/full/120,/0/default.jpg, https://objects.nhm.at/view/NHMW-ZOO-MO-75000-E4958
Cochlostoma septemspirale (Razoumowsky, 1789)	75000-E5206	NHM Vienna coll. Edlauer	PRESERVED SPECIMEN	12/12/2022		Österreich, Oberösterreich, Brunnbach, Hetzgraben				1930		https://iiif-1.nhm.at/iiif/3/NHMW-ZOO-MO-75000-E5206_Cochlostoma_septemspirale.jpg/full/120,/0/default.jpg, https://objects.nhm.at/view/NHMW-ZOO-MO-75000-E5206
Cochlostoma septemspirale (Razoumowsky, 1789)	75000-E7551	NHM Vienna coll. Edlauer	PRESERVED SPECIMEN	12/12/2022		Österreich, Oberösterreich, Weyer, Gamsköserl, Kalkfelsen an der Enns			Ganslmayr			https://iiif-1.nhm.at/iiif/3/NHMW-ZOO-MO-75000-E7551_Cochlostoma_septemspirale.jpg/full/120,/0/default.jpg, https://objects.nhm.at/view/NHMW-ZOO-MO-75000-E7551
Cochlostoma septemspirale (Razoumowsky, 1789)	75000-E8730	NHM Vienna coll. Edlauer	PRESERVED SPECIMEN	12/12/2022		Österreich, Oberösterreich, Wels, Kathengraben an der Kremsmünsterer Straße			Rochhart			https://iiif-1.nhm.at/iiif/3/NHMW-ZOO-MO-75000-E8730_Cochlostoma_septemspirale.jpg/full/120,/0/default.jpg, https://objects.nhm.at/view/NHMW-ZOO-MO-75000-E8730
Cochlostoma septemspirale (Razoumowsky, 1789)	75000-E14494	NHM Vienna coll. Edlauer	PRESERVED SPECIMEN	12/12/2022		Österreich, Steiermark, Grimmingmassiv; Pürg, Anfang des Fußweges nach Steinach			B.E. Sauer			https://iiif-1.nhm.at/iiif/3/NHMW-ZOO-MO-75000-E14494_Cochlostoma_septemspirale.jpg/full/120,/0/default.jpg, https://objects.nhm.at/view/NHMW-ZOO-MO-75000-E14494
Cochlostoma septemspirale (Razoumowsky, 1789)	75000-E17948a	NHM Vienna coll. Edlauer	PRESERVED SPECIMEN	12/12/2022		Österreich, Steiermark, Karawanken, Bärengraben bei Rosenbach 			Klemm			https://iiif-1.nhm.at/iiif/3/NHMW-ZOO-MO-75000-E17948a_Cochlostoma_septemspirale.jpg/full/120,/0/default.jpg, https://objects.nhm.at/view/NHMW-ZOO-MO-75000-E17948a
Cochlostoma septemspirale (Razoumowsky, 1789)	75000-E17948b	NHM Vienna coll. Edlauer	PRESERVED SPECIMEN	12/12/2022		Österreich, Steiermark, Karawanken, Bärengraben bei Rosenbach 			Klemm			https://iiif-1.nhm.at/iiif/3/NHMW-ZOO-MO-75000-E17948b_Cochlostoma_septemspirale.jpg/full/120,/0/default.jpg, https://objects.nhm.at/view/NHMW-ZOO-MO-75000-E17948b
Cochlostoma septemspirale (Razoumowsky, 1789)	75000-E17954	NHM Vienna coll. Edlauer	PRESERVED SPECIMEN	12/12/2022		Österreich, Steiermark, Karawanken, Rosenbacher Schweiz 			Klemm			https://iiif-1.nhm.at/iiif/3/NHMW-ZOO-MO-75000-E17954_Cochlostoma_septemspirale.jpg/full/120,/0/default.jpg, https://objects.nhm.at/view/NHMW-ZOO-MO-75000-E17954
Cochlostoma septemspirale (Razoumowsky, 1789)	75000-E17958	NHM Vienna coll. Edlauer	PRESERVED SPECIMEN	12/12/2022		Österreich, Steiermark, Karawanken, Rosenbach, Talstraße 			Klemm			https://iiif-1.nhm.at/iiif/3/NHMW-ZOO-MO-75000-E17958_Cochlostoma_septemspirale.jpg/full/120,/0/default.jpg, https://objects.nhm.at/view/NHMW-ZOO-MO-75000-E17958
Cochlostoma septemspirale (Razoumowsky, 1789)	75000-E17964	NHM Vienna coll. Edlauer	PRESERVED SPECIMEN	12/12/2022		Österreich, Steiermark, Karawanken, Ardeschützenklamm bei Rosenbach			Klemm			https://iiif-1.nhm.at/iiif/3/NHMW-ZOO-MO-75000-E17964_Cochlostoma_septemspirale.jpg/full/120,/0/default.jpg, https://objects.nhm.at/view/NHMW-ZOO-MO-75000-E17964
Cochlostoma septemspirale (Razoumowsky, 1789)	75000-E17967	NHM Vienna coll. Edlauer	PRESERVED SPECIMEN	12/12/2022		Österreich, Kärnten, Warmbad Villach, Napoleonwiese			Strouhal			https://iiif-1.nhm.at/iiif/3/NHMW-ZOO-MO-75000-E17967_Cochlostoma_septemspirale.jpg/full/120,/0/default.jpg, https://objects.nhm.at/view/NHMW-ZOO-MO-75000-E17967
Cochlostoma septemspirale (Razoumowsky, 1789)	75000-E28740	NHM Vienna coll. Edlauer	PRESERVED SPECIMEN	12/12/2022		Österreich, Kärnten, Karnische Alpen, Mauthen im Gailtal			Klemm			https://iiif-1.nhm.at/iiif/3/NHMW-ZOO-MO-75000-E28740_Cochlostoma_septemspirale.jpg/full/120,/0/default.jpg, https://objects.nhm.at/view/NHMW-ZOO-MO-75000-E28740
Cochlostoma septemspirale (Razoumowsky, 1789)	75000-E28742	NHM Vienna coll. Edlauer	PRESERVED SPECIMEN	12/12/2022		Österreich, Kärnten, Karnische Alpen, Plöckenpass			Klemm			https://iiif-1.nhm.at/iiif/3/NHMW-ZOO-MO-75000-E28742_Cochlostoma_septemspirale.jpg/full/120,/0/default.jpg, https://objects.nhm.at/view/NHMW-ZOO-MO-75000-E28742
Cochlostoma septemspirale (Razoumowsky, 1789)	75000-E28743	NHM Vienna coll. Edlauer	PRESERVED SPECIMEN	12/12/2022		Österreich, Steiermark, Karawanken, Rosenbach, Straße an der Rohrleitung			Klemm			https://iiif-1.nhm.at/iiif/3/NHMW-ZOO-MO-75000-E28743_Cochlostoma_septemspirale.jpg/full/120,/0/default.jpg, https://objects.nhm.at/view/NHMW-ZOO-MO-75000-E28743
Cochlostoma septemspirale (Razoumowsky, 1789)	75000-E29889	NHM Vienna coll. Edlauer	PRESERVED SPECIMEN	12/12/2022		Österreich, Oberösterreich, Steyr			Oberwimmer			https://iiif-1.nhm.at/iiif/3/NHMW-ZOO-MO-75000-E29889_Cochlostoma_septemspirale.jpg/full/120,/0/default.jpg, https://objects.nhm.at/view/NHMW-ZOO-MO-75000-E29889
Cochlostoma septemspirale (Razoumowsky, 1789)	75000-E30008	NHM Vienna coll. Edlauer	PRESERVED SPECIMEN	12/12/2022		Österreich, Oberösterreich, Langwies bei Ebensee			Schuster	06.1976		https://iiif-1.nhm.at/iiif/3/NHMW-ZOO-MO-75000-E30008_Cochlostoma_septemspirale.jpg/full/120,/0/default.jpg, https://objects.nhm.at/view/NHMW-ZOO-MO-75000-E30008
Cochlostoma septemspirale (Razoumowsky, 1789)	75000-E30286	NHM Vienna coll. Edlauer	PRESERVED SPECIMEN	12/12/2022		Österreich, Öberösterreich, Höllengebirge, Weissenbach a.A., Nikoloweg am Schobersteinhang						https://iiif-1.nhm.at/iiif/3/NHMW-ZOO-MO-75000-E30286_Cochlostoma_septemspirale.jpg/full/120,/0/default.jpg, https://objects.nhm.at/view/NHMW-ZOO-MO-75000-E30286
Cochlostoma septemspirale (Razoumowsky, 1789)	75000-E30313	NHM Vienna coll. Edlauer	PRESERVED SPECIMEN	12/12/2022		Österreich, Öberösterreich, Höllengebirge, Schobersteinanstieg von Weissenbach am Attersee						https://iiif-1.nhm.at/iiif/3/NHMW-ZOO-MO-75000-E30313_Cochlostoma_septemspirale.jpg/full/120,/0/default.jpg, https://objects.nhm.at/view/NHMW-ZOO-MO-75000-E30313
Cochlostoma septemspirale (Razoumowsky, 1789)	75000-E30334	NHM Vienna coll. Edlauer	PRESERVED SPECIMEN	12/12/2022		Österreich, Oberösterreich, Weissenbach a.A., Schobersteinabhang zum See, Straßenmauer						https://iiif-1.nhm.at/iiif/3/NHMW-ZOO-MO-75000-E30334_Cochlostoma_septemspirale.jpg/full/120,/0/default.jpg, https://objects.nhm.at/view/NHMW-ZOO-MO-75000-E30334
Cochlostoma septemspirale (Razoumowsky, 1789)	75000-E30357	NHM Vienna coll. Edlauer	PRESERVED SPECIMEN	12/12/2022		Österreich, Öberösterreich, Höllengebirge, Schoberstein, Felsspalten der obersten Felspartien						https://iiif-1.nhm.at/iiif/3/NHMW-ZOO-MO-75000-E30357_Cochlostoma_septemspirale.jpg/full/120,/0/default.jpg, https://objects.nhm.at/view/NHMW-ZOO-MO-75000-E30357
Cochlostoma septemspirale (Razoumowsky, 1789)	75000-E30400	NHM Vienna coll. Edlauer	PRESERVED SPECIMEN	12/12/2022		Österreich, Öberösterreich, Höllengebirge, Weissenbach am Attersee, Schobersteinabhang an der Ischlerstraße						https://iiif-1.nhm.at/iiif/3/NHMW-ZOO-MO-75000-E30400_Cochlostoma_septemspirale.jpg/full/120,/0/default.jpg, https://objects.nhm.at/view/NHMW-ZOO-MO-75000-E30400
Cochlostoma septemspirale (Razoumowsky, 1789)	75000-E30406	NHM Vienna coll. Edlauer	PRESERVED SPECIMEN	12/12/2022		Österreich, Öberösterreich, Höllengebirge, Schoberstein, oberste Felsen						https://iiif-1.nhm.at/iiif/3/NHMW-ZOO-MO-75000-E30406_Cochlostoma_septemspirale.jpg/full/120,/0/default.jpg, https://objects.nhm.at/view/NHMW-ZOO-MO-75000-E30406
Cochlostoma septemspirale (Razoumowsky, 1789)	75000-E30414	NHM Vienna coll. Edlauer	PRESERVED SPECIMEN	12/12/2022		Österreich, Oberösterreich, Höllengebirge, Schoberstein, oberste Felspartien						https://iiif-1.nhm.at/iiif/3/NHMW-ZOO-MO-75000-E30414_Cochlostoma_septemspirale.jpg/full/120,/0/default.jpg, https://objects.nhm.at/view/NHMW-ZOO-MO-75000-E30414
Cochlostoma septemspirale (Razoumowsky, 1789)	75000-E30421	NHM Vienna coll. Edlauer	PRESERVED SPECIMEN	12/12/2022		Österreich, Oberösterreich, Höllengebirge, Schobersteinanstieg von Weissenbach am Attersee aus						https://iiif-1.nhm.at/iiif/3/NHMW-ZOO-MO-75000-E30421_Cochlostoma_septemspirale.jpg/full/120,/0/default.jpg, https://objects.nhm.at/view/NHMW-ZOO-MO-75000-E30421
Cochlostoma septemspirale (Razoumowsky, 1789)	75000-E30841	NHM Vienna coll. Edlauer	PRESERVED SPECIMEN	12/12/2022		Österreich, Kärnten, Glanfurt, im Genist der Sümpfe 			A. Fuchs			https://iiif-1.nhm.at/iiif/3/NHMW-ZOO-MO-75000-E30841_Cochlostoma_septemspirale.jpg/full/120,/0/default.jpg, https://objects.nhm.at/view/NHMW-ZOO-MO-75000-E30841
Cochlostoma septemspirale (Razoumowsky, 1789)	75000-E30880	NHM Vienna coll. Edlauer	PRESERVED SPECIMEN	12/12/2022		Österreich, Oberösterreich, Schafbergmassiv, Felswandfuß oberhalb des Steinkar über der Straße Scharfling-Oberburgau				1945		https://iiif-1.nhm.at/iiif/3/NHMW-ZOO-MO-75000-E30880_Cochlostoma_septemspirale.jpg/full/120,/0/default.jpg, https://objects.nhm.at/view/NHMW-ZOO-MO-75000-E30880
Cochlostoma septemspirale (Razoumowsky, 1789)	75000-E32757	NHM Vienna coll. Edlauer	PRESERVED SPECIMEN	12/12/2022		Österreich, Kärnten, Warmbad Villach, Tscheltschnig Kogel			Strouhal			https://iiif-1.nhm.at/iiif/3/NHMW-ZOO-MO-75000-E32757_Cochlostoma_septemspirale.jpg/full/120,/0/default.jpg, https://objects.nhm.at/view/NHMW-ZOO-MO-75000-E32757
Cochlostoma septemspirale (Razoumowsky, 1789)	75000-E32758	NHM Vienna coll. Edlauer	PRESERVED SPECIMEN	12/12/2022		Österreich, Oberösterreich, Steyr an der Enns			A. Fuchs			https://iiif-1.nhm.at/iiif/3/NHMW-ZOO-MO-75000-E32758_Cochlostoma_septemspirale.jpg/full/120,/0/default.jpg, https://objects.nhm.at/view/NHMW-ZOO-MO-75000-E32758
Cochlostoma septemspirale (Razoumowsky, 1789)	75000-E32759	NHM Vienna coll. Edlauer	PRESERVED SPECIMEN	12/12/2022		Österreich, Oberösterreich, Grünburg an der Steyr			A. Fuchs			https://iiif-1.nhm.at/iiif/3/NHMW-ZOO-MO-75000-E32759_Cochlostoma_septemspirale.jpg/full/120,/0/default.jpg, https://objects.nhm.at/view/NHMW-ZOO-MO-75000-E32759
Cochlostoma septemspirale (Razoumowsky, 1789)	75000-E33209	NHM Vienna coll. Edlauer	PRESERVED SPECIMEN	12/12/2022		Österreich, Karawanken, Stouhütte - Klagenfurterhütte			A. Fuchs			https://iiif-1.nhm.at/iiif/3/NHMW-ZOO-MO-75000-E33209_Cochlostoma_septemspirale.jpg/full/120,/0/default.jpg, https://objects.nhm.at/view/NHMW-ZOO-MO-75000-E33209
Cochlostoma septemspirale (Razoumowsky, 1789)	75000-E33210	NHM Vienna coll. Edlauer	PRESERVED SPECIMEN	12/12/2022		Österreich, Kärnten, Loibltal zwischen Unterloibl und Wh. Deutscher Peter			A. Fuchs			https://iiif-1.nhm.at/iiif/3/NHMW-ZOO-MO-75000-E33210_Cochlostoma_septemspirale.jpg/full/120,/0/default.jpg, https://objects.nhm.at/view/NHMW-ZOO-MO-75000-E33210
Cochlostoma septemspirale (Razoumowsky, 1789)	75000-E33213	NHM Vienna coll. Edlauer	PRESERVED SPECIMEN	12/12/2022		Österreich, Kärnten, Lobnigtal nordöstlich von Eisenkappel						https://iiif-1.nhm.at/iiif/3/NHMW-ZOO-MO-75000-E33213_Cochlostoma_septemspirale.jpg/full/120,/0/default.jpg, https://objects.nhm.at/view/NHMW-ZOO-MO-75000-E33213
Cochlostoma septemspirale (Razoumowsky, 1789)	75000-E33217	NHM Vienna coll. Edlauer	PRESERVED SPECIMEN	12/12/2022		Österreich, Kärnten, Gailtal, Ruine Kühnburg			A. Fuchs			https://iiif-1.nhm.at/iiif/3/NHMW-ZOO-MO-75000-E33217_Cochlostoma_septemspirale.jpg/full/120,/0/default.jpg, https://objects.nhm.at/view/NHMW-ZOO-MO-75000-E33217
Cochlostoma septemspirale (Razoumowsky, 1789)	75000-E33219	NHM Vienna coll. Edlauer	PRESERVED SPECIMEN	12/12/2022		Österreich, Steiermark, Palfau 			A. Fuchs			https://iiif-1.nhm.at/iiif/3/NHMW-ZOO-MO-75000-E33219_Cochlostoma_septemspirale.jpg/full/120,/0/default.jpg, https://objects.nhm.at/view/NHMW-ZOO-MO-75000-E33219
Cochlostoma septemspirale (Razoumowsky, 1789)	75000-E33230	NHM Vienna coll. Edlauer	PRESERVED SPECIMEN	12/12/2022		Österreich, Kärnten, SW-Hang des Oistra bei Eisenkappel; Raibler Schichten			A. Fuchs			https://iiif-1.nhm.at/iiif/3/NHMW-ZOO-MO-75000-E33230_Cochlostoma_septemspirale.jpg/full/120,/0/default.jpg, https://objects.nhm.at/view/NHMW-ZOO-MO-75000-E33230
Cochlostoma septemspirale (Razoumowsky, 1789)	75000-E33233	NHM Vienna coll. Edlauer	PRESERVED SPECIMEN	12/12/2022		Österreich, Steiermark, Weichselboden 			Käufel			https://iiif-1.nhm.at/iiif/3/NHMW-ZOO-MO-75000-E33233_Cochlostoma_septemspirale.jpg/full/120,/0/default.jpg, https://objects.nhm.at/view/NHMW-ZOO-MO-75000-E33233
Cochlostoma septemspirale (Razoumowsky, 1789)	75000-E33235	NHM Vienna coll. Edlauer	PRESERVED SPECIMEN	12/12/2022		Österreich, Niederösterreich, Melk, Donaugenist bei Schönbühel 			A. Fuchs			https://iiif-1.nhm.at/iiif/3/NHMW-ZOO-MO-75000-E33235_Cochlostoma_septemspirale.jpg/full/120,/0/default.jpg, https://objects.nhm.at/view/NHMW-ZOO-MO-75000-E33235
Cochlostoma septemspirale (Razoumowsky, 1789)	75000-E33236	NHM Vienna coll. Edlauer	PRESERVED SPECIMEN	12/12/2022		Österreich, Niederösterreich, Ramingdorf bei Haidershofen an der Enns			A. Fuchs			https://iiif-1.nhm.at/iiif/3/NHMW-ZOO-MO-75000-E33236_Cochlostoma_septemspirale.jpg/full/120,/0/default.jpg, https://objects.nhm.at/view/NHMW-ZOO-MO-75000-E33236
Cochlostoma septemspirale (Razoumowsky, 1789)	75000-E33365	NHM Vienna coll. Edlauer	PRESERVED SPECIMEN	12/12/2022		Österreich, Karawanken, Feistritz im Rasental, Stouhütte 			A. Fuchs			https://iiif-1.nhm.at/iiif/3/NHMW-ZOO-MO-75000-E33365_Cochlostoma_septemspirale.jpg/full/120,/0/default.jpg, https://objects.nhm.at/view/NHMW-ZOO-MO-75000-E33365
Cochlostoma septemspirale (Razoumowsky, 1789)	75000-E33371	NHM Vienna coll. Edlauer	PRESERVED SPECIMEN	12/12/2022		Österreich, Kärnten, Klamm zwischen Eisenkappel und Rechberg			Prof. Scheerpeltz			https://iiif-1.nhm.at/iiif/3/NHMW-ZOO-MO-75000-E33371_Cochlostoma_septemspirale.jpg/full/120,/0/default.jpg, https://objects.nhm.at/view/NHMW-ZOO-MO-75000-E33371
Cochlostoma septemspirale (Razoumowsky, 1789)	75000-E33372	NHM Vienna coll. Edlauer	PRESERVED SPECIMEN	12/12/2022		Österreich, Karawanken, Zavrsnica am Südfuß des Stol 			Käufel			https://iiif-1.nhm.at/iiif/3/NHMW-ZOO-MO-75000-E33372_Cochlostoma_septemspirale.jpg/full/120,/0/default.jpg, https://objects.nhm.at/view/NHMW-ZOO-MO-75000-E33372
Cochlostoma septemspirale (Razoumowsky, 1789)	75000-E33397	NHM Vienna coll. Edlauer	PRESERVED SPECIMEN	12/12/2022		Österreich, Oberösterreich, Windischgarsten, Kalvarienberg						https://iiif-1.nhm.at/iiif/3/NHMW-ZOO-MO-75000-E33397_Cochlostoma_septemspirale.jpg/full/120,/0/default.jpg, https://objects.nhm.at/view/NHMW-ZOO-MO-75000-E33397
Cochlostoma septemspirale (Razoumowsky, 1789)	75000-E33403a	NHM Vienna coll. Edlauer	PRESERVED SPECIMEN	12/12/2022		Österreich, Kärnten, Eisenkappel, Felsen zwischen Remschniggraben und dem Hammerwerk an der Vellacher Straße 						https://iiif-1.nhm.at/iiif/3/NHMW-ZOO-MO-75000-E33403a_Cochlostoma_septemspirale.jpg/full/120,/0/default.jpg, https://objects.nhm.at/view/NHMW-ZOO-MO-75000-E33403a
Cochlostoma septemspirale (Razoumowsky, 1789)	75000-E33403b	NHM Vienna coll. Edlauer	PRESERVED SPECIMEN	12/12/2022		Österreich, Kärnten, Eisenkappel, Felsen zwischen Remschniggraben und dem Hammerwerk an der Vellacher Straße 						https://iiif-1.nhm.at/iiif/3/NHMW-ZOO-MO-75000-E33403b_Cochlostoma_septemspirale.jpg/full/120,/0/default.jpg, https://objects.nhm.at/view/NHMW-ZOO-MO-75000-E33403b
Cochlostoma septemspirale (Razoumowsky, 1789)	75000-E33414	NHM Vienna coll. Edlauer	PRESERVED SPECIMEN	12/12/2022		Österreich, Kärnten, Kupnitzklamm bei Eisenkappel			Scheerpeltz			https://iiif-1.nhm.at/iiif/3/NHMW-ZOO-MO-75000-E33414_Cochlostoma_septemspirale.jpg/full/120,/0/default.jpg, https://objects.nhm.at/view/NHMW-ZOO-MO-75000-E33414
Cochlostoma septemspirale (Razoumowsky, 1789)	75000-E33418	NHM Vienna coll. Edlauer	PRESERVED SPECIMEN	12/12/2022		Österreich, Kärnten, Rosenbach, Talstraße			Klemm			https://iiif-1.nhm.at/iiif/3/NHMW-ZOO-MO-75000-E33418_Cochlostoma_septemspirale.jpg/full/120,/0/default.jpg, https://objects.nhm.at/view/NHMW-ZOO-MO-75000-E33418
Cochlostoma septemspirale (Razoumowsky, 1789)	75000-E36291	NHM Vienna coll. Edlauer	PRESERVED SPECIMEN	12/12/2022		Österreich, Oberösterreich, Breitenau bei Molln, Waldhang zur Krummen Steyerling			Ing. v.Fritsch			https://iiif-1.nhm.at/iiif/3/NHMW-ZOO-MO-75000-E36291_Cochlostoma_septemspirale.jpg/full/120,/0/default.jpg, https://objects.nhm.at/view/NHMW-ZOO-MO-75000-E36291
Cochlostoma septemspirale (Razoumowsky, 1789)	75000-E36650	NHM Vienna coll. Edlauer	PRESERVED SPECIMEN	12/12/2022		Österreich, Westkarawanken, Ruine Finkenstein bei Mallestig			Ing. v.Fritsch			https://iiif-1.nhm.at/iiif/3/NHMW-ZOO-MO-75000-E36650_Cochlostoma_septemspirale.jpg/full/120,/0/default.jpg, https://objects.nhm.at/view/NHMW-ZOO-MO-75000-E36650
Cochlostoma septemspirale (Razoumowsky, 1789)	75000-E37466	NHM Vienna coll. Edlauer	PRESERVED SPECIMEN	12/12/2022		Österreich, Oberösterreich, Steyr			A. Fuchs			https://iiif-1.nhm.at/iiif/3/NHMW-ZOO-MO-75000-E37466_Cochlostoma_septemspirale.jpg/full/120,/0/default.jpg, https://objects.nhm.at/view/NHMW-ZOO-MO-75000-E37466
Cochlostoma septemspirale (Razoumowsky, 1789)	75000-E37502	NHM Vienna coll. Edlauer	PRESERVED SPECIMEN	12/12/2022		Österreich, Oberösterreich, Hinterstoder			A. Fuchs			https://iiif-1.nhm.at/iiif/3/NHMW-ZOO-MO-75000-E37502_Cochlostoma_septemspirale.jpg/full/120,/0/default.jpg, https://objects.nhm.at/view/NHMW-ZOO-MO-75000-E37502
Cochlostoma septemspirale (Razoumowsky, 1789)	75000-E37553	NHM Vienna coll. Edlauer	PRESERVED SPECIMEN	12/12/2022		Österreich, Oberösterreich, Losenstein bei Goisern			Ganslmayr			https://iiif-1.nhm.at/iiif/3/NHMW-ZOO-MO-75000-E37553_Cochlostoma_septemspirale.jpg/full/120,/0/default.jpg, https://objects.nhm.at/view/NHMW-ZOO-MO-75000-E37553
Cochlostoma septemspirale (Razoumowsky, 1789)	75000-E37559	NHM Vienna coll. Edlauer	PRESERVED SPECIMEN	12/12/2022		Österreich, Oberösterreich, Weyer an der Enns, Rettenstein			Ganslmayr			https://iiif-1.nhm.at/iiif/3/NHMW-ZOO-MO-75000-E37559_Cochlostoma_septemspirale.jpg/full/120,/0/default.jpg, https://objects.nhm.at/view/NHMW-ZOO-MO-75000-E37559
Cochlostoma septemspirale (Razoumowsky, 1789)	75000-E37561	NHM Vienna coll. Edlauer	PRESERVED SPECIMEN	12/12/2022		Österreich, Oberösterreich, Weyer an der Enns, Ennsberg			Ganslmayr			https://iiif-1.nhm.at/iiif/3/NHMW-ZOO-MO-75000-E37561_Cochlostoma_septemspirale.jpg/full/120,/0/default.jpg, https://objects.nhm.at/view/NHMW-ZOO-MO-75000-E37561
Cochlostoma septemspirale (Razoumowsky, 1789)	75000-E37562	NHM Vienna coll. Edlauer	PRESERVED SPECIMEN	12/12/2022		Österreich, Oberösterreich, Weyer an der Enns, Hoferkeller			Ganslmayr			https://iiif-1.nhm.at/iiif/3/NHMW-ZOO-MO-75000-E37562_Cochlostoma_septemspirale.jpg/full/120,/0/default.jpg, https://objects.nhm.at/view/NHMW-ZOO-MO-75000-E37562
Cochlostoma septemspirale (Razoumowsky, 1789)	75000-E37563	NHM Vienna coll. Edlauer	PRESERVED SPECIMEN	12/12/2022		Österreich, Oberösterreich, Weyer an der Enns, Gablenzgenist			Ganslmayr			https://iiif-1.nhm.at/iiif/3/NHMW-ZOO-MO-75000-E37563_Cochlostoma_septemspirale.jpg/full/120,/0/default.jpg, https://objects.nhm.at/view/NHMW-ZOO-MO-75000-E37563
Cochlostoma septemspirale (Razoumowsky, 1789)	75000-E37564	NHM Vienna coll. Edlauer	PRESERVED SPECIMEN	12/12/2022		Österreich, Oberösterreich, Weyer an der Enns, Staudeck			Ganslmayr			https://iiif-1.nhm.at/iiif/3/NHMW-ZOO-MO-75000-E37564_Cochlostoma_septemspirale.jpg/full/120,/0/default.jpg, https://objects.nhm.at/view/NHMW-ZOO-MO-75000-E37564
Cochlostoma septemspirale (Razoumowsky, 1789)	75000-E37565	NHM Vienna coll. Edlauer	PRESERVED SPECIMEN	12/12/2022		Österreich, Oberösterreich, Weyer an der Enns, Gasselsgraben			Ganslmayr			https://iiif-1.nhm.at/iiif/3/NHMW-ZOO-MO-75000-E37565_Cochlostoma_septemspirale.jpg/full/120,/0/default.jpg, https://objects.nhm.at/view/NHMW-ZOO-MO-75000-E37565
Cochlostoma septemspirale (Razoumowsky, 1789)	75000-E37566	NHM Vienna coll. Edlauer	PRESERVED SPECIMEN	12/12/2022		Österreich, Oberösterreich, Weyer an der Enns, Gamskögerl			Ganslmayr			https://iiif-1.nhm.at/iiif/3/NHMW-ZOO-MO-75000-E37566_Cochlostoma_septemspirale.jpg/full/120,/0/default.jpg, https://objects.nhm.at/view/NHMW-ZOO-MO-75000-E37566
Cochlostoma septemspirale (Razoumowsky, 1789)	75000-E37567	NHM Vienna coll. Edlauer	PRESERVED SPECIMEN	12/12/2022		Österreich, Oberösterreich, Weyer an der Enns, Rotmäuer			Ganslmayr			https://iiif-1.nhm.at/iiif/3/NHMW-ZOO-MO-75000-E37567_Cochlostoma_septemspirale.jpg/full/120,/0/default.jpg, https://objects.nhm.at/view/NHMW-ZOO-MO-75000-E37567
Cochlostoma septemspirale (Razoumowsky, 1789)	75000-E37577	NHM Vienna coll. Edlauer	PRESERVED SPECIMEN	12/12/2022		Österreich, Oberösterreich, Weyer an der Enns, Pfaffenstein			Ganslmayr			https://iiif-1.nhm.at/iiif/3/NHMW-ZOO-MO-75000-E37577_Cochlostoma_septemspirale.jpg/full/120,/0/default.jpg, https://objects.nhm.at/view/NHMW-ZOO-MO-75000-E37577
Cochlostoma septemspirale (Razoumowsky, 1789)	75000-E38903	NHM Vienna coll. Edlauer	PRESERVED SPECIMEN	12/12/2022		Österreich, Oberösterreich, Umgebung Weyer, NW-Hang der Stubau zum Innbach			Ing. v.Fritsch			https://iiif-1.nhm.at/iiif/3/NHMW-ZOO-MO-75000-E38903_Cochlostoma_septemspirale.jpg/full/120,/0/default.jpg, https://objects.nhm.at/view/NHMW-ZOO-MO-75000-E38903
Cochlostoma septemspirale (Razoumowsky, 1789)	75000-E39175	NHM Vienna coll. Edlauer	PRESERVED SPECIMEN	12/12/2022		Österreich, Oberösterreich, Umgebung Weyer, Aufstieg zum Stubau-Gipfel, Buchen-Tannenwald, Bachnähe			Franz			https://iiif-1.nhm.at/iiif/3/NHMW-ZOO-MO-75000-E39175_Cochlostoma_septemspirale.jpg/full/120,/0/default.jpg, https://objects.nhm.at/view/NHMW-ZOO-MO-75000-E39175
Cochlostoma septemspirale (Razoumowsky, 1789)	75000-E39353	NHM Vienna coll. Edlauer	PRESERVED SPECIMEN	12/12/2022		Österreich, Obersteiermark, Wörschach, Eingang zur Klamm, Buchenfalllaub			Franz			https://iiif-1.nhm.at/iiif/3/NHMW-ZOO-MO-75000-E39353_Cochlostoma_septemspirale.jpg/full/120,/0/default.jpg, https://objects.nhm.at/view/NHMW-ZOO-MO-75000-E39353
Cochlostoma septemspirale (Razoumowsky, 1789)	75000-E39496	NHM Vienna coll. Edlauer	PRESERVED SPECIMEN	12/12/2022		Österreich, Oberösterreich, Windischgarsten, Sprangriegler bei d. Alm, unter Steinen			Franz	1.6.1944		https://iiif-1.nhm.at/iiif/3/NHMW-ZOO-MO-75000-E39469_Cochlostoma_septemspirale.jpg/full/120,/0/default.jpg, https://objects.nhm.at/view/NHMW-ZOO-MO-75000-E39469
Cochlostoma septemspirale (Razoumowsky, 1789)	75000-E39839	NHM Vienna coll. Edlauer	PRESERVED SPECIMEN	12/12/2022		Österreich, Oberösterreich, Windischgarsten gegen Sprangriegler			Franz	20.5.1945		https://iiif-1.nhm.at/iiif/3/NHMW-ZOO-MO-75000-E39839_Cochlostoma_septemspirale.jpg/full/120,/0/default.jpg, https://objects.nhm.at/view/NHMW-ZOO-MO-75000-E39839
Cochlostoma septemspirale (Razoumowsky, 1789)	75000-E40059	NHM Vienna coll. Edlauer	PRESERVED SPECIMEN	12/12/2022		Österreich, Oberösterreich, Abhang des Schafbergmassivs, Weg Oberburgau-Unterach; Beginn des Weges auf den Schafberg; Mischwald				1945		https://iiif-1.nhm.at/iiif/3/NHMW-ZOO-MO-75000-E40059_Cochlostoma_septemspirale.jpg/full/120,/0/default.jpg, https://objects.nhm.at/view/NHMW-ZOO-MO-75000-E40059
Cochlostoma septemspirale (Razoumowsky, 1789)	75000-E40486	NHM Vienna coll. Edlauer	PRESERVED SPECIMEN	12/12/2022		Österreich, Oberösterreich, Schafberganstieg, kleine Waldlichtung 150 m oberhalb Oberburgau (Mondsee) auf geschlichtetem Holz				1949		https://iiif-1.nhm.at/iiif/3/NHMW-ZOO-MO-75000-E40486_Cochlostoma_septemspirale.jpg/full/120,/0/default.jpg, https://objects.nhm.at/view/NHMW-ZOO-MO-75000-E40486
Cochlostoma septemspirale (Razoumowsky, 1789)	75000-E40520	NHM Vienna coll. Edlauer	PRESERVED SPECIMEN	12/12/2022		Österreich, Oberösterreich, Schafbergmassiv, Abhang 300m oberhalb Oberburgau (Mondsee); vegetationsbedeckte Schotterhalde unterhalb des großen Steinkars				1945		https://iiif-1.nhm.at/iiif/3/NHMW-ZOO-MO-75000-E40520_Cochlostoma_septemspirale.jpg/full/120,/0/default.jpg, https://objects.nhm.at/view/NHMW-ZOO-MO-75000-E40520
Cochlostoma septemspirale (Razoumowsky, 1789)	75000-E40544	NHM Vienna coll. Edlauer	PRESERVED SPECIMEN	12/12/2022		Österreich, Oberösterreich, Schafbergmassiv, Wald am Beginn des Anstiegs von Unterach				1945		https://iiif-1.nhm.at/iiif/3/NHMW-ZOO-MO-75000-E40544_Cochlostoma_septemspirale.jpg/full/120,/0/default.jpg, https://objects.nhm.at/view/NHMW-ZOO-MO-75000-E40544
Cochlostoma septemspirale (Razoumowsky, 1789)	75000-E40606	NHM Vienna coll. Edlauer	PRESERVED SPECIMEN	12/12/2022		Österreich, Oberösterreich, Schafbergmassiv, Felswandfuß oberhalb des Steinkars über Km 5 der Straße Scharfling-Oberburgau, sonnige Nordlage				1945		https://iiif-1.nhm.at/iiif/3/NHMW-ZOO-MO-75000-E40606_Cochlostoma_septemspirale.jpg/full/120,/0/default.jpg, https://objects.nhm.at/view/NHMW-ZOO-MO-75000-E40606
Cochlostoma septemspirale (Razoumowsky, 1789)	75000-E40679	NHM Vienna coll. Edlauer	PRESERVED SPECIMEN	12/12/2022		Österreich, Oberösterreich, Schafbergmassiv, Felsenfuß oberhalb Km 4 der Straße Scharfling-Oberburgau				1945		https://iiif-1.nhm.at/iiif/3/NHMW-ZOO-MO-75000-E40679_Cochlostoma_septemspirale.jpg/full/120,/0/default.jpg, https://objects.nhm.at/view/NHMW-ZOO-MO-75000-E40679
Cochlostoma septemspirale (Razoumowsky, 1789)	75000-E40744	NHM Vienna coll. Edlauer	PRESERVED SPECIMEN	12/12/2022		Österreich, Oberösterreich, Schafbergmassiv, Abhang an der Mühlleiten, SW von Unterach				1945		https://iiif-1.nhm.at/iiif/3/NHMW-ZOO-MO-75000-E40744_Cochlostoma_septemspirale.jpg/full/120,/0/default.jpg, https://objects.nhm.at/view/NHMW-ZOO-MO-75000-E40744
Cochlostoma septemspirale (Razoumowsky, 1789)	75000-E40774	NHM Vienna coll. Edlauer	PRESERVED SPECIMEN	12/12/2022		Österreich, Oberösterreich, Schafbergmassiv, Hänge unter den Felswänden oberhalb Oberburgau am Mondsee, sonnig, stark bewachsen				1945		https://iiif-1.nhm.at/iiif/3/NHMW-ZOO-MO-75000-E40774_Cochlostoma_septemspirale.jpg/full/120,/0/default.jpg, https://objects.nhm.at/view/NHMW-ZOO-MO-75000-E40774
Cochlostoma septemspirale (Razoumowsky, 1789)	75000-E40800	NHM Vienna coll. Edlauer	PRESERVED SPECIMEN	12/12/2022		Österreich, Oberösterreich, Schafbergmassiv, Hänge unterhalb der Felswände oberhalb der Mühlleiten, W von Unterach am Attersee				1945		https://iiif-1.nhm.at/iiif/3/NHMW-ZOO-MO-75000-E40800_Cochlostoma_septemspirale.jpg/full/120,/0/default.jpg, https://objects.nhm.at/view/NHMW-ZOO-MO-75000-E40800
Cochlostoma septemspirale (Razoumowsky, 1789)	75000-E40847	NHM Vienna coll. Edlauer	PRESERVED SPECIMEN	12/12/2022		Österreich, Oberösterreich, Schafbergmassiv, Felsenfuß oberhalb des Steinkars über Km 5 der Straße Scharfling-Oberburgau, schattige Stelle				1945		https://iiif-1.nhm.at/iiif/3/NHMW-ZOO-MO-75000-E40847_Cochlostoma_septemspirale.jpg/full/120,/0/default.jpg, https://objects.nhm.at/view/NHMW-ZOO-MO-75000-E40847
Cochlostoma septemspirale (Razoumowsky, 1789)	75000-E40864	NHM Vienna coll. Edlauer	PRESERVED SPECIMEN	12/12/2022		Österreich, Oberösterreich, Schafbergmassiv, Felsenfuß oberhalb der Holzriese über Oberburgau				1945		https://iiif-1.nhm.at/iiif/3/NHMW-ZOO-MO-75000-E40864_Cochlostoma_septemspirale.jpg/full/120,/0/default.jpg, https://objects.nhm.at/view/NHMW-ZOO-MO-75000-E40864
Cochlostoma septemspirale (Razoumowsky, 1789)	75000-E40940	NHM Vienna coll. Edlauer	PRESERVED SPECIMEN	12/14/2022		Österreich, Oberösterreich, Schafbergmassiv, Felsenfuß oberhalb des Steinkars über Km 5 der Straße Scharfling-Oberburgau, Vormittagssonne, Ostlage				1945		https://iiif-1.nhm.at/iiif/3/NHMW-ZOO-MO-75000-E40940_Cochlostoma_septemspirale.jpg/full/120,/0/default.jpg, https://objects.nhm.at/view/NHMW-ZOO-MO-75000-E40940
Cochlostoma septemspirale (Razoumowsky, 1789)	75000-E40971	NHM Vienna coll. Edlauer	PRESERVED SPECIMEN	12/14/2022		Österreich, Oberösterreich, Schafbergmassiv, O.W. Graben a. Abhang zur Seeache				1945		https://iiif-1.nhm.at/iiif/3/NHMW-ZOO-MO-75000-E40971_Cochlostoma_septemspirale.jpg/full/120,/0/default.jpg, https://objects.nhm.at/view/NHMW-ZOO-MO-75000-E40971
Cochlostoma septemspirale (Razoumowsky, 1789)	75000-E40979	NHM Vienna coll. Edlauer	PRESERVED SPECIMEN	12/14/2022		Österreich, Oberösterreich, Schafbergmassiv, Abhang zur Seeache, Hochwald am Waldweg, an kleinem Bach				1945		https://iiif-1.nhm.at/iiif/3/NHMW-ZOO-MO-75000-E40979_Cochlostoma_septemspirale.jpg/full/120,/0/default.jpg, https://objects.nhm.at/view/NHMW-ZOO-MO-75000-E40979
Cochlostoma septemspirale (Razoumowsky, 1789)	75000-E41109	NHM Vienna coll. Edlauer	PRESERVED SPECIMEN	12/14/2022		Österreich, Oberösterreich, Schafbergmassiv, Abhang zum Anfang d. Ischlertals bei Weissenbach am Attersee; Fuß d. Felsen, 300 m oberhalb des Steinbruchs				1945		https://iiif-1.nhm.at/iiif/3/NHMW-ZOO-MO-75000-E41109_Cochlostoma_septemspirale.jpg/full/120,/0/default.jpg, https://objects.nhm.at/view/NHMW-ZOO-MO-75000-E41109
Cochlostoma septemspirale (Razoumowsky, 1789)	75000-E41262	NHM Vienna coll. Edlauer	PRESERVED SPECIMEN	12/14/2022		Österreich, Nordsteiermark, Umgebung Admont, Lichtmessgraben, Kaiserau			Franz	26.07.1944		https://iiif-1.nhm.at/iiif/3/NHMW-ZOO-MO-75000-E41262_Cochlostoma_septemspirale.jpg/full/120,/0/default.jpg, https://objects.nhm.at/view/NHMW-ZOO-MO-75000-E41262
Cochlostoma septemspirale (Razoumowsky, 1789)	75000-E41728	NHM Vienna coll. Edlauer	PRESERVED SPECIMEN	12/14/2022		Österreich, Steiermark, Eisenerzer Alpen, Kalte Fölz am Kaiserschild, gegen den Erzbach			Franz	7.7.1944		https://iiif-1.nhm.at/iiif/3/NHMW-ZOO-MO-75000-E41728_Cochlostoma_septemspirale.jpg/full/120,/0/default.jpg, https://objects.nhm.at/view/NHMW-ZOO-MO-75000-E41728
Cochlostoma septemspirale (Razoumowsky, 1789)	75000-E43676	NHM Vienna coll. Edlauer	PRESERVED SPECIMEN	12/14/2022		Österreich, Oberösterreich, Weyer Umgebung, Westhang des Stubau-Berges; Lok. Angelsbach			Ing. v.Fritsch	1945		https://iiif-1.nhm.at/iiif/3/NHMW-ZOO-MO-75000-E43676_Cochlostoma_septemspirale.jpg/full/120,/0/default.jpg, https://objects.nhm.at/view/NHMW-ZOO-MO-75000-E43676
Cochlostoma septemspirale (Razoumowsky, 1789)	75000-E43707	NHM Vienna coll. Edlauer	PRESERVED SPECIMEN	12/14/2022		Österreich, Oberösterreich, "Nach der Enns", Waldbez. 12, Rappelsbach am Rabischbach, NO vom Pfaffenstein			Ing. v.Fritsch			https://iiif-1.nhm.at/iiif/3/NHMW-ZOO-MO-75000-E43707_Cochlostoma_septemspirale.jpg/full/120,/0/default.jpg, https://objects.nhm.at/view/NHMW-ZOO-MO-75000-E43707
Cochlostoma septemspirale (Razoumowsky, 1789)	75000-E43716	NHM Vienna coll. Edlauer	PRESERVED SPECIMEN	12/14/2022		Österreich, Oberösterreich, "Nach der Enns", Gross-Sautal südl. von Fockenauer Alphaus			Ing. v.Fritsch			https://iiif-1.nhm.at/iiif/3/NHMW-ZOO-MO-75000-E43716_Cochlostoma_septemspirale.jpg/full/120,/0/default.jpg, https://objects.nhm.at/view/NHMW-ZOO-MO-75000-E43716
Cochlostoma septemspirale (Razoumowsky, 1789)	75000-E43728	NHM Vienna coll. Edlauer	PRESERVED SPECIMEN	12/14/2022		Österreich, Oberösterreich, "Nach der Enns", Waldabt. 12, n.d. Rabischbachunterlaufs östl. von Fockenau			Ing. v.Fritsch			https://iiif-1.nhm.at/iiif/3/NHMW-ZOO-MO-75000-E43728_Cochlostoma_septemspirale.jpg/full/120,/0/default.jpg, https://objects.nhm.at/view/NHMW-ZOO-MO-75000-E43728
Cochlostoma septemspirale (Razoumowsky, 1789)	75000-E43746	NHM Vienna coll. Edlauer	PRESERVED SPECIMEN	12/14/2022		Österreich, Oberösterreich, rechtes Ennsufer, Klauswald, nördl. von Eslingerbach und von Laufer			Ing. v.Fritsch			https://iiif-1.nhm.at/iiif/3/NHMW-ZOO-MO-75000-E43746_Cochlostoma_septemspirale.jpg/full/120,/0/default.jpg, https://objects.nhm.at/view/NHMW-ZOO-MO-75000-E43746
Cochlostoma septemspirale (Razoumowsky, 1789)	75000-E43784	NHM Vienna coll. Edlauer	PRESERVED SPECIMEN	12/19/2022		Österreich, Oberösterreich, nördlich von Weyer, "Bargut", nördlich des Stubau-Berges, lehmige Waldstelle mit spärlichem Graswuchs			Ing. v.Fritsch			https://iiif-1.nhm.at/iiif/3/NHMW-ZOO-MO-75000-E43784_Cochlostoma_septemspirale.jpg/full/120,/0/default.jpg, https://objects.nhm.at/view/NHMW-ZOO-MO-75000-E43784
Cochlostoma septemspirale (Razoumowsky, 1789)	75000-E43805	NHM Vienna coll. Edlauer	PRESERVED SPECIMEN	12/19/2022		Österreich, Oberösterreich, südliche von Weyer, Rappelsbach (Rabischbach), Revier Schifflend, Topschiefer, etwas Kalkfels			Ing. v.Fritsch			https://iiif-1.nhm.at/iiif/3/NHMW-ZOO-MO-75000-E43805_Cochlostoma_septemspirale.jpg/full/120,/0/default.jpg, https://objects.nhm.at/view/NHMW-ZOO-MO-75000-E43805
Cochlostoma septemspirale (Razoumowsky, 1789)	75000-E44958	NHM Vienna coll. Edlauer	PRESERVED SPECIMEN	12/19/2022		Österreich, Oberösterreich, Weyer Umgebung, Waldhütte Wasserkopf			Ing. v.Fritsch			https://iiif-1.nhm.at/iiif/3/NHMW-ZOO-MO-75000-E44958_Cochlostoma_septemspirale.jpg/full/120,/0/default.jpg, https://objects.nhm.at/view/NHMW-ZOO-MO-75000-E44958
Cochlostoma septemspirale (Razoumowsky, 1789)	75000-E496227	NHM Vienna coll. Edlauer	PRESERVED SPECIMEN	12/19/2022		Österreich, Oberösterreich, Sierninghofen bei Steyr						https://iiif-1.nhm.at/iiif/3/NHMW-ZOO-MO-75000-E46227_Cochlostoma_septemspirale.jpg/full/120,/0/default.jpg, https://objects.nhm.at/view/NHMW-ZOO-MO-75000-E46227
Cochlostoma septemspirale (Razoumowsky, 1789)	75000-E47962	NHM Vienna coll. Edlauer	PRESERVED SPECIMEN	12/19/2022		Österreich, Kärnten, Dobratschanstieg von Heiligengeist			P. Sauer			https://iiif-1.nhm.at/iiif/3/NHMW-ZOO-MO-75000-E47962_Cochlostoma_septemspirale.jpg/full/120,/0/default.jpg, https://objects.nhm.at/view/NHMW-ZOO-MO-75000-E47962
Cochlostoma septemspirale (Razoumowsky, 1789)	75000-E53656	NHM Vienna coll. Edlauer	PRESERVED SPECIMEN	12/19/2022		Österreich, Oberösterreich, Windischgarsten, Redtenbachgraben Richtung Hoher Nock, Erika-Haide, sehr sonnig						https://iiif-1.nhm.at/iiif/3/NHMW-ZOO-MO-75000-E53656_Cochlostoma_septemspirale.jpg/full/120,/0/default.jpg, https://objects.nhm.at/view/NHMW-ZOO-MO-75000-E53656
Cochlostoma septemspirale (Razoumowsky, 1789)	75000-E54658	NHM Vienna coll. Edlauer	PRESERVED SPECIMEN	12/19/2022		Österreich, Oberösterreich, Oberes Ennstal, sonnige Hänge zwischen Stainach und Pürgg			Franz	23.5.1943		https://iiif-1.nhm.at/iiif/3/NHMW-ZOO-MO-75000-E54658_Cochlostoma_septemspirale.jpg/full/120,/0/default.jpg, https://objects.nhm.at/view/NHMW-ZOO-MO-75000-E54658
Cochlostoma septemspirale (Razoumowsky, 1789)	75000-E58320	NHM Vienna coll. Edlauer	PRESERVED SPECIMEN	12/19/2022		Österreich, Kärnten, Dobratschfuß bei Kaserinhütte			M. Dimmel	1954		https://iiif-1.nhm.at/iiif/3/NHMW-ZOO-MO-75000-E58320_Cochlostoma_septemspirale.jpg/full/120,/0/default.jpg, https://objects.nhm.at/view/NHMW-ZOO-MO-75000-E58320
Cochlostoma septemspirale (Razoumowsky, 1789)	75000-E58321	NHM Vienna coll. Edlauer	PRESERVED SPECIMEN	12/19/2022		Österreich, Kärnten, Möltschach, steinige Wiese am Dobratschfuß			M. Dimmel	1954		https://iiif-1.nhm.at/iiif/3/NHMW-ZOO-MO-75000-E58321_Cochlostoma_septemspirale.jpg/full/120,/0/default.jpg, https://objects.nhm.at/view/NHMW-ZOO-MO-75000-E58321
Cochlostoma septemspirale (Razoumowsky, 1789)	75000-E58369	NHM Vienna coll. Edlauer	PRESERVED SPECIMEN	12/19/2022		Österreich, Oberösterreich, Sengsengebirge, Bachgenist unterhalb der Feuchtau			M. Dimmel	1954		https://iiif-1.nhm.at/iiif/3/NHMW-ZOO-MO-75000-E58369_Cochlostoma_septemspirale.jpg/full/120,/0/default.jpg, https://objects.nhm.at/view/NHMW-ZOO-MO-75000-E58369
Cochlostoma septemspirale (Razoumowsky, 1789)	79000-K4056	NHM Vienna coll. Klemm	PRESERVED SPECIMEN	12/19/2022		Österreich, Oberösterreich, Obertraun, Weg zu den Eishöhlen			Waringer	8.1936		https://iiif-1.nhm.at/iiif/3/NHMW-ZOO-MO-79000-K4056_Cochlostoma_septemspirale.jpg/full/120,/0/default.jpg, https://objects.nhm.at/view/NHMW-ZOO-MO-79000-K4056